http://yii2.loc/images/home/logo.png,http://yii2.loc/images/shop/advertisement.jpg,http://yii2.loc/images/home/shipping.jpg,http://yii2.loc/images/products/product4.jpg,http://yii2.loc/images/home/new.png,http://yii2.loc/images/products/product3.jpg,http://yii2.loc/images/home/sale.png,http://yii2.loc/images/home/iframe1.png,http://yii2.loc/images/home/iframe2.png,http://yii2.loc/images/home/iframe3.png,http://yii2.loc/images/home/iframe4.png,http://yii2.loc/images/home/map.png,"Путь к картинке; Адресс страницы
http://yii2.loc/images/home/logo.png; http://yii2.loc/
http://yii2.loc/images/home/girl1.jpg; http://yii2.loc/
http://yii2.loc/images/home/pricing.png; http://yii2.loc/
http://yii2.loc/images/home/girl2.jpg; http://yii2.loc/
http://yii2.loc/images/home/pricing.png; http://yii2.loc/
http://yii2.loc/images/home/girl3.jpg; http://yii2.loc/
http://yii2.loc/images/home/pricing.png; http://yii2.loc/
http://yii2.loc/images/home/shipping.jpg; http://yii2.loc/
http://yii2.loc/images/products/product1.jpg; http://yii2.loc/
http://yii2.loc/images/home/sale.png; http://yii2.loc/
http://yii2.loc/images/products/product3.jpg; http://yii2.loc/
http://yii2.loc/images/home/new.png; http://yii2.loc/
http://yii2.loc/images/products/product3.jpg; http://yii2.loc/
http://yii2.loc/images/home/sale.png; http://yii2.loc/
http://yii2.loc/images/products/product4.jpg; http://yii2.loc/
http://yii2.loc/images/home/new.png; http://yii2.loc/
http://yii2.loc/images/products/product5.jpg; http://yii2.loc/
http://yii2.loc/images/home/sale.png; http://yii2.loc/
http://yii2.loc/images/products/product6.jpg; http://yii2.loc/
http://yii2.loc/images/home/new.png; http://yii2.loc/
http://yii2.loc/images/home/gallery1.jpg; http://yii2.loc/
http://yii2.loc/images/home/gallery2.jpg; http://yii2.loc/
http://yii2.loc/images/home/gallery3.jpg; http://yii2.loc/
http://yii2.loc/images/home/gallery4.jpg; http://yii2.loc/
http://yii2.loc/images/home/gallery4.jpg; http://yii2.loc/
http://yii2.loc/images/home/gallery3.jpg; http://yii2.loc/
http://yii2.loc/images/home/gallery2.jpg; http://yii2.loc/
http://yii2.loc/images/home/gallery1.jpg; http://yii2.loc/
http://yii2.loc/images/home/gallery3.jpg; http://yii2.loc/
http://yii2.loc/images/home/gallery4.jpg; http://yii2.loc/
http://yii2.loc/images/home/gallery1.jpg; http://yii2.loc/
http://yii2.loc/images/home/gallery2.jpg; http://yii2.loc/
http://yii2.loc/images/home/gallery1.jpg; http://yii2.loc/
http://yii2.loc/images/home/gallery2.jpg; http://yii2.loc/
http://yii2.loc/images/home/gallery3.jpg; http://yii2.loc/
http://yii2.loc/images/home/gallery4.jpg; http://yii2.loc/
http://yii2.loc/images/home/gallery2.jpg; http://yii2.loc/
http://yii2.loc/images/home/gallery4.jpg; http://yii2.loc/
http://yii2.loc/images/home/gallery3.jpg; http://yii2.loc/
http://yii2.loc/images/home/gallery1.jpg; http://yii2.loc/
http://yii2.loc/images/home/recommend1.jpg; http://yii2.loc/
http://yii2.loc/images/home/recommend2.jpg; http://yii2.loc/
http://yii2.loc/images/home/recommend3.jpg; http://yii2.loc/
http://yii2.loc/images/home/recommend1.jpg; http://yii2.loc/
http://yii2.loc/images/home/recommend2.jpg; http://yii2.loc/
http://yii2.loc/images/home/recommend3.jpg; http://yii2.loc/
http://yii2.loc/images/home/iframe1.png; http://yii2.loc/
http://yii2.loc/images/home/iframe2.png; http://yii2.loc/
http://yii2.loc/images/home/iframe3.png; http://yii2.loc/
http://yii2.loc/images/home/iframe4.png; http://yii2.loc/
http://yii2.loc/images/home/map.png; http://yii2.loc/
http://yii2.loc/images/home/logo.png; http://yii2.loc/admin
http://yii2.loc/images/home/iframe1.png; http://yii2.loc/admin
http://yii2.loc/images/home/iframe2.png; http://yii2.loc/admin
http://yii2.loc/images/home/iframe3.png; http://yii2.loc/admin
http://yii2.loc/images/home/iframe4.png; http://yii2.loc/admin
http://yii2.loc/images/home/map.png; http://yii2.loc/admin
http://yii2.loc/images/home/logo.png; http://yii2.loc/cart/view
http://yii2.loc/images/home/iframe1.png; http://yii2.loc/cart/view
http://yii2.loc/images/home/iframe2.png; http://yii2.loc/cart/view
http://yii2.loc/images/home/iframe3.png; http://yii2.loc/cart/view
http://yii2.loc/images/home/iframe4.png; http://yii2.loc/cart/view
http://yii2.loc/images/home/map.png; http://yii2.loc/cart/view
http://yii2.loc/images/home/logo.png; http://yii2.loc/#slider-carousel
http://yii2.loc/images/home/girl1.jpg; http://yii2.loc/#slider-carousel
http://yii2.loc/images/home/pricing.png; http://yii2.loc/#slider-carousel
http://yii2.loc/images/home/girl2.jpg; http://yii2.loc/#slider-carousel
http://yii2.loc/images/home/pricing.png; http://yii2.loc/#slider-carousel
http://yii2.loc/images/home/girl3.jpg; http://yii2.loc/#slider-carousel
http://yii2.loc/images/home/pricing.png; http://yii2.loc/#slider-carousel
http://yii2.loc/images/home/shipping.jpg; http://yii2.loc/#slider-carousel
http://yii2.loc/images/products/product1.jpg; http://yii2.loc/#slider-carousel
http://yii2.loc/images/home/sale.png; http://yii2.loc/#slider-carousel
http://yii2.loc/images/products/product3.jpg; http://yii2.loc/#slider-carousel
http://yii2.loc/images/home/new.png; http://yii2.loc/#slider-carousel
http://yii2.loc/images/products/product3.jpg; http://yii2.loc/#slider-carousel
http://yii2.loc/images/home/sale.png; http://yii2.loc/#slider-carousel
http://yii2.loc/images/products/product4.jpg; http://yii2.loc/#slider-carousel
http://yii2.loc/images/home/new.png; http://yii2.loc/#slider-carousel
http://yii2.loc/images/products/product5.jpg; http://yii2.loc/#slider-carousel
http://yii2.loc/images/home/sale.png; http://yii2.loc/#slider-carousel
http://yii2.loc/images/products/product6.jpg; http://yii2.loc/#slider-carousel
http://yii2.loc/images/home/new.png; http://yii2.loc/#slider-carousel
http://yii2.loc/images/home/gallery1.jpg; http://yii2.loc/#slider-carousel
http://yii2.loc/images/home/gallery2.jpg; http://yii2.loc/#slider-carousel
http://yii2.loc/images/home/gallery3.jpg; http://yii2.loc/#slider-carousel
http://yii2.loc/images/home/gallery4.jpg; http://yii2.loc/#slider-carousel
http://yii2.loc/images/home/gallery4.jpg; http://yii2.loc/#slider-carousel
http://yii2.loc/images/home/gallery3.jpg; http://yii2.loc/#slider-carousel
http://yii2.loc/images/home/gallery2.jpg; http://yii2.loc/#slider-carousel
http://yii2.loc/images/home/gallery1.jpg; http://yii2.loc/#slider-carousel
http://yii2.loc/images/home/gallery3.jpg; http://yii2.loc/#slider-carousel
http://yii2.loc/images/home/gallery4.jpg; http://yii2.loc/#slider-carousel
http://yii2.loc/images/home/gallery1.jpg; http://yii2.loc/#slider-carousel
http://yii2.loc/images/home/gallery2.jpg; http://yii2.loc/#slider-carousel
http://yii2.loc/images/home/gallery1.jpg; http://yii2.loc/#slider-carousel
http://yii2.loc/images/home/gallery2.jpg; http://yii2.loc/#slider-carousel
http://yii2.loc/images/home/gallery3.jpg; http://yii2.loc/#slider-carousel
http://yii2.loc/images/home/gallery4.jpg; http://yii2.loc/#slider-carousel
http://yii2.loc/images/home/gallery2.jpg; http://yii2.loc/#slider-carousel
http://yii2.loc/images/home/gallery4.jpg; http://yii2.loc/#slider-carousel
http://yii2.loc/images/home/gallery3.jpg; http://yii2.loc/#slider-carousel
http://yii2.loc/images/home/gallery1.jpg; http://yii2.loc/#slider-carousel
http://yii2.loc/images/home/recommend1.jpg; http://yii2.loc/#slider-carousel
http://yii2.loc/images/home/recommend2.jpg; http://yii2.loc/#slider-carousel
http://yii2.loc/images/home/recommend3.jpg; http://yii2.loc/#slider-carousel
http://yii2.loc/images/home/recommend1.jpg; http://yii2.loc/#slider-carousel
http://yii2.loc/images/home/recommend2.jpg; http://yii2.loc/#slider-carousel
http://yii2.loc/images/home/recommend3.jpg; http://yii2.loc/#slider-carousel
http://yii2.loc/images/home/iframe1.png; http://yii2.loc/#slider-carousel
http://yii2.loc/images/home/iframe2.png; http://yii2.loc/#slider-carousel
http://yii2.loc/images/home/iframe3.png; http://yii2.loc/#slider-carousel
http://yii2.loc/images/home/iframe4.png; http://yii2.loc/#slider-carousel
http://yii2.loc/images/home/map.png; http://yii2.loc/#slider-carousel
http://yii2.loc/images/home/logo.png; http://yii2.loc/#sportswear
http://yii2.loc/images/home/girl1.jpg; http://yii2.loc/#sportswear
http://yii2.loc/images/home/pricing.png; http://yii2.loc/#sportswear
http://yii2.loc/images/home/girl2.jpg; http://yii2.loc/#sportswear
http://yii2.loc/images/home/pricing.png; http://yii2.loc/#sportswear
http://yii2.loc/images/home/girl3.jpg; http://yii2.loc/#sportswear
http://yii2.loc/images/home/pricing.png; http://yii2.loc/#sportswear
http://yii2.loc/images/home/shipping.jpg; http://yii2.loc/#sportswear
http://yii2.loc/images/products/product1.jpg; http://yii2.loc/#sportswear
http://yii2.loc/images/home/sale.png; http://yii2.loc/#sportswear
http://yii2.loc/images/products/product3.jpg; http://yii2.loc/#sportswear
http://yii2.loc/images/home/new.png; http://yii2.loc/#sportswear
http://yii2.loc/images/products/product3.jpg; http://yii2.loc/#sportswear
http://yii2.loc/images/home/sale.png; http://yii2.loc/#sportswear
http://yii2.loc/images/products/product4.jpg; http://yii2.loc/#sportswear
http://yii2.loc/images/home/new.png; http://yii2.loc/#sportswear
http://yii2.loc/images/products/product5.jpg; http://yii2.loc/#sportswear
http://yii2.loc/images/home/sale.png; http://yii2.loc/#sportswear
http://yii2.loc/images/products/product6.jpg; http://yii2.loc/#sportswear
http://yii2.loc/images/home/new.png; http://yii2.loc/#sportswear
http://yii2.loc/images/home/gallery1.jpg; http://yii2.loc/#sportswear
http://yii2.loc/images/home/gallery2.jpg; http://yii2.loc/#sportswear
http://yii2.loc/images/home/gallery3.jpg; http://yii2.loc/#sportswear
http://yii2.loc/images/home/gallery4.jpg; http://yii2.loc/#sportswear
http://yii2.loc/images/home/gallery4.jpg; http://yii2.loc/#sportswear
http://yii2.loc/images/home/gallery3.jpg; http://yii2.loc/#sportswear
http://yii2.loc/images/home/gallery2.jpg; http://yii2.loc/#sportswear
http://yii2.loc/images/home/gallery1.jpg; http://yii2.loc/#sportswear
http://yii2.loc/images/home/gallery3.jpg; http://yii2.loc/#sportswear
http://yii2.loc/images/home/gallery4.jpg; http://yii2.loc/#sportswear
http://yii2.loc/images/home/gallery1.jpg; http://yii2.loc/#sportswear
http://yii2.loc/images/home/gallery2.jpg; http://yii2.loc/#sportswear
http://yii2.loc/images/home/gallery1.jpg; http://yii2.loc/#sportswear
http://yii2.loc/images/home/gallery2.jpg; http://yii2.loc/#sportswear
http://yii2.loc/images/home/gallery3.jpg; http://yii2.loc/#sportswear
http://yii2.loc/images/home/gallery4.jpg; http://yii2.loc/#sportswear
http://yii2.loc/images/home/gallery2.jpg; http://yii2.loc/#sportswear
http://yii2.loc/images/home/gallery4.jpg; http://yii2.loc/#sportswear
http://yii2.loc/images/home/gallery3.jpg; http://yii2.loc/#sportswear
http://yii2.loc/images/home/gallery1.jpg; http://yii2.loc/#sportswear
http://yii2.loc/images/home/recommend1.jpg; http://yii2.loc/#sportswear
http://yii2.loc/images/home/recommend2.jpg; http://yii2.loc/#sportswear
http://yii2.loc/images/home/recommend3.jpg; http://yii2.loc/#sportswear
http://yii2.loc/images/home/recommend1.jpg; http://yii2.loc/#sportswear
http://yii2.loc/images/home/recommend2.jpg; http://yii2.loc/#sportswear
http://yii2.loc/images/home/recommend3.jpg; http://yii2.loc/#sportswear
http://yii2.loc/images/home/iframe1.png; http://yii2.loc/#sportswear
http://yii2.loc/images/home/iframe2.png; http://yii2.loc/#sportswear
http://yii2.loc/images/home/iframe3.png; http://yii2.loc/#sportswear
http://yii2.loc/images/home/iframe4.png; http://yii2.loc/#sportswear
http://yii2.loc/images/home/map.png; http://yii2.loc/#sportswear
http://yii2.loc/images/home/logo.png; http://yii2.loc/category/1
http://yii2.loc/images/shop/advertisement.jpg; http://yii2.loc/category/1
http://yii2.loc/images/home/shipping.jpg; http://yii2.loc/category/1
http://yii2.loc/images/products/product1.jpg; http://yii2.loc/category/1
http://yii2.loc/images/home/sale.png; http://yii2.loc/category/1
http://yii2.loc/images/products/product3.jpg; http://yii2.loc/category/1
http://yii2.loc/images/home/new.png; http://yii2.loc/category/1
http://yii2.loc/images/products/product3.jpg; http://yii2.loc/category/1
http://yii2.loc/images/home/sale.png; http://yii2.loc/category/1
http://yii2.loc/images/home/iframe1.png; http://yii2.loc/category/1
http://yii2.loc/images/home/iframe2.png; http://yii2.loc/category/1
http://yii2.loc/images/home/iframe3.png; http://yii2.loc/category/1
http://yii2.loc/images/home/iframe4.png; http://yii2.loc/category/1
http://yii2.loc/images/home/map.png; http://yii2.loc/category/1
http://yii2.loc/images/home/logo.png; http://yii2.loc/category/4
http://yii2.loc/images/shop/advertisement.jpg; http://yii2.loc/category/4
http://yii2.loc/images/home/shipping.jpg; http://yii2.loc/category/4
http://yii2.loc/images/home/iframe1.png; http://yii2.loc/category/4
http://yii2.loc/images/home/iframe2.png; http://yii2.loc/category/4
http://yii2.loc/images/home/iframe3.png; http://yii2.loc/category/4
http://yii2.loc/images/home/iframe4.png; http://yii2.loc/category/4
http://yii2.loc/images/home/map.png; http://yii2.loc/category/4
http://yii2.loc/images/home/logo.png; http://yii2.loc/category/5
http://yii2.loc/images/shop/advertisement.jpg; http://yii2.loc/category/5
http://yii2.loc/images/home/shipping.jpg; http://yii2.loc/category/5
http://yii2.loc/images/home/iframe1.png; http://yii2.loc/category/5
http://yii2.loc/images/home/iframe2.png; http://yii2.loc/category/5
http://yii2.loc/images/home/iframe3.png; http://yii2.loc/category/5
http://yii2.loc/images/home/iframe4.png; http://yii2.loc/category/5
http://yii2.loc/images/home/map.png; http://yii2.loc/category/5
http://yii2.loc/images/home/logo.png; http://yii2.loc/category/6
http://yii2.loc/images/shop/advertisement.jpg; http://yii2.loc/category/6
http://yii2.loc/images/home/shipping.jpg; http://yii2.loc/category/6
http://yii2.loc/images/products/no-image.png; http://yii2.loc/category/6
http://yii2.loc/images/home/new.png; http://yii2.loc/category/6
http://yii2.loc/images/home/iframe1.png; http://yii2.loc/category/6
http://yii2.loc/images/home/iframe2.png; http://yii2.loc/category/6
http://yii2.loc/images/home/iframe3.png; http://yii2.loc/category/6
http://yii2.loc/images/home/iframe4.png; http://yii2.loc/category/6
http://yii2.loc/images/home/map.png; http://yii2.loc/category/6
http://yii2.loc/images/home/logo.png; http://yii2.loc/category/7
http://yii2.loc/images/shop/advertisement.jpg; http://yii2.loc/category/7
http://yii2.loc/images/home/shipping.jpg; http://yii2.loc/category/7
http://yii2.loc/images/home/iframe1.png; http://yii2.loc/category/7
http://yii2.loc/images/home/iframe2.png; http://yii2.loc/category/7
http://yii2.loc/images/home/iframe3.png; http://yii2.loc/category/7
http://yii2.loc/images/home/iframe4.png; http://yii2.loc/category/7
http://yii2.loc/images/home/map.png; http://yii2.loc/category/7
http://yii2.loc/images/home/logo.png; http://yii2.loc/category/8
http://yii2.loc/images/shop/advertisement.jpg; http://yii2.loc/category/8
http://yii2.loc/images/home/shipping.jpg; http://yii2.loc/category/8
http://yii2.loc/images/home/iframe1.png; http://yii2.loc/category/8
http://yii2.loc/images/home/iframe2.png; http://yii2.loc/category/8
http://yii2.loc/images/home/iframe3.png; http://yii2.loc/category/8
http://yii2.loc/images/home/iframe4.png; http://yii2.loc/category/8
http://yii2.loc/images/home/map.png; http://yii2.loc/category/8
http://yii2.loc/images/home/logo.png; http://yii2.loc/#mens
http://yii2.loc/images/home/girl1.jpg; http://yii2.loc/#mens
http://yii2.loc/images/home/pricing.png; http://yii2.loc/#mens
http://yii2.loc/images/home/girl2.jpg; http://yii2.loc/#mens
http://yii2.loc/images/home/pricing.png; http://yii2.loc/#mens
http://yii2.loc/images/home/girl3.jpg; http://yii2.loc/#mens
http://yii2.loc/images/home/pricing.png; http://yii2.loc/#mens
http://yii2.loc/images/home/shipping.jpg; http://yii2.loc/#mens
http://yii2.loc/images/products/product1.jpg; http://yii2.loc/#mens
http://yii2.loc/images/home/sale.png; http://yii2.loc/#mens
http://yii2.loc/images/products/product3.jpg; http://yii2.loc/#mens
http://yii2.loc/images/home/new.png; http://yii2.loc/#mens
http://yii2.loc/images/products/product3.jpg; http://yii2.loc/#mens
http://yii2.loc/images/home/sale.png; http://yii2.loc/#mens
http://yii2.loc/images/products/product4.jpg; http://yii2.loc/#mens
http://yii2.loc/images/home/new.png; http://yii2.loc/#mens
http://yii2.loc/images/products/product5.jpg; http://yii2.loc/#mens
http://yii2.loc/images/home/sale.png; http://yii2.loc/#mens
http://yii2.loc/images/products/product6.jpg; http://yii2.loc/#mens
http://yii2.loc/images/home/new.png; http://yii2.loc/#mens
http://yii2.loc/images/home/gallery1.jpg; http://yii2.loc/#mens
http://yii2.loc/images/home/gallery2.jpg; http://yii2.loc/#mens
http://yii2.loc/images/home/gallery3.jpg; http://yii2.loc/#mens
http://yii2.loc/images/home/gallery4.jpg; http://yii2.loc/#mens
http://yii2.loc/images/home/gallery4.jpg; http://yii2.loc/#mens
http://yii2.loc/images/home/gallery3.jpg; http://yii2.loc/#mens
http://yii2.loc/images/home/gallery2.jpg; http://yii2.loc/#mens
http://yii2.loc/images/home/gallery1.jpg; http://yii2.loc/#mens
http://yii2.loc/images/home/gallery3.jpg; http://yii2.loc/#mens
http://yii2.loc/images/home/gallery4.jpg; http://yii2.loc/#mens
http://yii2.loc/images/home/gallery1.jpg; http://yii2.loc/#mens
http://yii2.loc/images/home/gallery2.jpg; http://yii2.loc/#mens
http://yii2.loc/images/home/gallery1.jpg; http://yii2.loc/#mens
http://yii2.loc/images/home/gallery2.jpg; http://yii2.loc/#mens
http://yii2.loc/images/home/gallery3.jpg; http://yii2.loc/#mens
http://yii2.loc/images/home/gallery4.jpg; http://yii2.loc/#mens
http://yii2.loc/images/home/gallery2.jpg; http://yii2.loc/#mens
http://yii2.loc/images/home/gallery4.jpg; http://yii2.loc/#mens
http://yii2.loc/images/home/gallery3.jpg; http://yii2.loc/#mens
http://yii2.loc/images/home/gallery1.jpg; http://yii2.loc/#mens
http://yii2.loc/images/home/recommend1.jpg; http://yii2.loc/#mens
http://yii2.loc/images/home/recommend2.jpg; http://yii2.loc/#mens
http://yii2.loc/images/home/recommend3.jpg; http://yii2.loc/#mens
http://yii2.loc/images/home/recommend1.jpg; http://yii2.loc/#mens
http://yii2.loc/images/home/recommend2.jpg; http://yii2.loc/#mens
http://yii2.loc/images/home/recommend3.jpg; http://yii2.loc/#mens
http://yii2.loc/images/home/iframe1.png; http://yii2.loc/#mens
http://yii2.loc/images/home/iframe2.png; http://yii2.loc/#mens
http://yii2.loc/images/home/iframe3.png; http://yii2.loc/#mens
http://yii2.loc/images/home/iframe4.png; http://yii2.loc/#mens
http://yii2.loc/images/home/map.png; http://yii2.loc/#mens
http://yii2.loc/images/home/logo.png; http://yii2.loc/category/2
http://yii2.loc/images/shop/advertisement.jpg; http://yii2.loc/category/2
http://yii2.loc/images/home/shipping.jpg; http://yii2.loc/category/2
http://yii2.loc/images/products/product5.jpg; http://yii2.loc/category/2
http://yii2.loc/images/home/sale.png; http://yii2.loc/category/2
http://yii2.loc/images/products/product6.jpg; http://yii2.loc/category/2
http://yii2.loc/images/home/new.png; http://yii2.loc/category/2
http://yii2.loc/images/home/iframe1.png; http://yii2.loc/category/2
http://yii2.loc/images/home/iframe2.png; http://yii2.loc/category/2
http://yii2.loc/images/home/iframe3.png; http://yii2.loc/category/2
http://yii2.loc/images/home/iframe4.png; http://yii2.loc/category/2
http://yii2.loc/images/home/map.png; http://yii2.loc/category/2
http://yii2.loc/images/home/logo.png; http://yii2.loc/category/9
http://yii2.loc/images/shop/advertisement.jpg; http://yii2.loc/category/9
http://yii2.loc/images/home/shipping.jpg; http://yii2.loc/category/9
http://yii2.loc/images/home/iframe1.png; http://yii2.loc/category/9
http://yii2.loc/images/home/iframe2.png; http://yii2.loc/category/9
http://yii2.loc/images/home/iframe3.png; http://yii2.loc/category/9
http://yii2.loc/images/home/iframe4.png; http://yii2.loc/category/9
http://yii2.loc/images/home/map.png; http://yii2.loc/category/9
http://yii2.loc/images/home/logo.png; http://yii2.loc/category/10
http://yii2.loc/images/shop/advertisement.jpg; http://yii2.loc/category/10
http://yii2.loc/images/home/shipping.jpg; http://yii2.loc/category/10
http://yii2.loc/images/home/iframe1.png; http://yii2.loc/category/10
http://yii2.loc/images/home/iframe2.png; http://yii2.loc/category/10
http://yii2.loc/images/home/iframe3.png; http://yii2.loc/category/10
http://yii2.loc/images/home/iframe4.png; http://yii2.loc/category/10
http://yii2.loc/images/home/map.png; http://yii2.loc/category/10
http://yii2.loc/images/home/logo.png; http://yii2.loc/category/11
http://yii2.loc/images/shop/advertisement.jpg; http://yii2.loc/category/11
http://yii2.loc/images/home/shipping.jpg; http://yii2.loc/category/11
http://yii2.loc/images/home/iframe1.png; http://yii2.loc/category/11
http://yii2.loc/images/home/iframe2.png; http://yii2.loc/category/11
http://yii2.loc/images/home/iframe3.png; http://yii2.loc/category/11
http://yii2.loc/images/home/iframe4.png; http://yii2.loc/category/11
http://yii2.loc/images/home/map.png; http://yii2.loc/category/11
http://yii2.loc/images/home/logo.png; http://yii2.loc/category/12
http://yii2.loc/images/shop/advertisement.jpg; http://yii2.loc/category/12
http://yii2.loc/images/home/shipping.jpg; http://yii2.loc/category/12
http://yii2.loc/images/home/iframe1.png; http://yii2.loc/category/12
http://yii2.loc/images/home/iframe2.png; http://yii2.loc/category/12
http://yii2.loc/images/home/iframe3.png; http://yii2.loc/category/12
http://yii2.loc/images/home/iframe4.png; http://yii2.loc/category/12
http://yii2.loc/images/home/map.png; http://yii2.loc/category/12
http://yii2.loc/images/home/logo.png; http://yii2.loc/category/13
http://yii2.loc/images/shop/advertisement.jpg; http://yii2.loc/category/13
http://yii2.loc/images/home/shipping.jpg; http://yii2.loc/category/13
http://yii2.loc/images/home/iframe1.png; http://yii2.loc/category/13
http://yii2.loc/images/home/iframe2.png; http://yii2.loc/category/13
http://yii2.loc/images/home/iframe3.png; http://yii2.loc/category/13
http://yii2.loc/images/home/iframe4.png; http://yii2.loc/category/13
http://yii2.loc/images/home/map.png; http://yii2.loc/category/13
http://yii2.loc/images/home/logo.png; http://yii2.loc/category/14
http://yii2.loc/images/shop/advertisement.jpg; http://yii2.loc/category/14
http://yii2.loc/images/home/shipping.jpg; http://yii2.loc/category/14
http://yii2.loc/images/home/iframe1.png; http://yii2.loc/category/14
http://yii2.loc/images/home/iframe2.png; http://yii2.loc/category/14
http://yii2.loc/images/home/iframe3.png; http://yii2.loc/category/14
http://yii2.loc/images/home/iframe4.png; http://yii2.loc/category/14
http://yii2.loc/images/home/map.png; http://yii2.loc/category/14
http://yii2.loc/images/home/logo.png; http://yii2.loc/category/15
http://yii2.loc/images/shop/advertisement.jpg; http://yii2.loc/category/15
http://yii2.loc/images/home/shipping.jpg; http://yii2.loc/category/15
http://yii2.loc/images/home/iframe1.png; http://yii2.loc/category/15
http://yii2.loc/images/home/iframe2.png; http://yii2.loc/category/15
http://yii2.loc/images/home/iframe3.png; http://yii2.loc/category/15
http://yii2.loc/images/home/iframe4.png; http://yii2.loc/category/15
http://yii2.loc/images/home/map.png; http://yii2.loc/category/15
http://yii2.loc/images/home/logo.png; http://yii2.loc/category/16
http://yii2.loc/images/shop/advertisement.jpg; http://yii2.loc/category/16
http://yii2.loc/images/home/shipping.jpg; http://yii2.loc/category/16
http://yii2.loc/images/home/iframe1.png; http://yii2.loc/category/16
http://yii2.loc/images/home/iframe2.png; http://yii2.loc/category/16
http://yii2.loc/images/home/iframe3.png; http://yii2.loc/category/16
http://yii2.loc/images/home/iframe4.png; http://yii2.loc/category/16
http://yii2.loc/images/home/map.png; http://yii2.loc/category/16
http://yii2.loc/images/home/logo.png; http://yii2.loc/category/17
http://yii2.loc/images/shop/advertisement.jpg; http://yii2.loc/category/17
http://yii2.loc/images/home/shipping.jpg; http://yii2.loc/category/17
http://yii2.loc/images/home/iframe1.png; http://yii2.loc/category/17
http://yii2.loc/images/home/iframe2.png; http://yii2.loc/category/17
http://yii2.loc/images/home/iframe3.png; http://yii2.loc/category/17
http://yii2.loc/images/home/iframe4.png; http://yii2.loc/category/17
http://yii2.loc/images/home/map.png; http://yii2.loc/category/17
http://yii2.loc/images/home/logo.png; http://yii2.loc/category/18
http://yii2.loc/images/shop/advertisement.jpg; http://yii2.loc/category/18
http://yii2.loc/images/home/shipping.jpg; http://yii2.loc/category/18
http://yii2.loc/images/home/iframe1.png; http://yii2.loc/category/18
http://yii2.loc/images/home/iframe2.png; http://yii2.loc/category/18
http://yii2.loc/images/home/iframe3.png; http://yii2.loc/category/18
http://yii2.loc/images/home/iframe4.png; http://yii2.loc/category/18
http://yii2.loc/images/home/map.png; http://yii2.loc/category/18
http://yii2.loc/images/home/logo.png; http://yii2.loc/#womens
http://yii2.loc/images/home/girl1.jpg; http://yii2.loc/#womens
http://yii2.loc/images/home/pricing.png; http://yii2.loc/#womens
http://yii2.loc/images/home/girl2.jpg; http://yii2.loc/#womens
http://yii2.loc/images/home/pricing.png; http://yii2.loc/#womens
http://yii2.loc/images/home/girl3.jpg; http://yii2.loc/#womens
http://yii2.loc/images/home/pricing.png; http://yii2.loc/#womens
http://yii2.loc/images/home/shipping.jpg; http://yii2.loc/#womens
http://yii2.loc/images/products/product1.jpg; http://yii2.loc/#womens
http://yii2.loc/images/home/sale.png; http://yii2.loc/#womens
http://yii2.loc/images/products/product3.jpg; http://yii2.loc/#womens
http://yii2.loc/images/home/new.png; http://yii2.loc/#womens
http://yii2.loc/images/products/product3.jpg; http://yii2.loc/#womens
http://yii2.loc/images/home/sale.png; http://yii2.loc/#womens
http://yii2.loc/images/products/product4.jpg; http://yii2.loc/#womens
http://yii2.loc/images/home/new.png; http://yii2.loc/#womens
http://yii2.loc/images/products/product5.jpg; http://yii2.loc/#womens
http://yii2.loc/images/home/sale.png; http://yii2.loc/#womens
http://yii2.loc/images/products/product6.jpg; http://yii2.loc/#womens
http://yii2.loc/images/home/new.png; http://yii2.loc/#womens
http://yii2.loc/images/home/gallery1.jpg; http://yii2.loc/#womens
http://yii2.loc/images/home/gallery2.jpg; http://yii2.loc/#womens
http://yii2.loc/images/home/gallery3.jpg; http://yii2.loc/#womens
http://yii2.loc/images/home/gallery4.jpg; http://yii2.loc/#womens
http://yii2.loc/images/home/gallery4.jpg; http://yii2.loc/#womens
http://yii2.loc/images/home/gallery3.jpg; http://yii2.loc/#womens
http://yii2.loc/images/home/gallery2.jpg; http://yii2.loc/#womens
http://yii2.loc/images/home/gallery1.jpg; http://yii2.loc/#womens
http://yii2.loc/images/home/gallery3.jpg; http://yii2.loc/#womens
http://yii2.loc/images/home/gallery4.jpg; http://yii2.loc/#womens
http://yii2.loc/images/home/gallery1.jpg; http://yii2.loc/#womens
http://yii2.loc/images/home/gallery2.jpg; http://yii2.loc/#womens
http://yii2.loc/images/home/gallery1.jpg; http://yii2.loc/#womens
http://yii2.loc/images/home/gallery2.jpg; http://yii2.loc/#womens
http://yii2.loc/images/home/gallery3.jpg; http://yii2.loc/#womens
http://yii2.loc/images/home/gallery4.jpg; http://yii2.loc/#womens
http://yii2.loc/images/home/gallery2.jpg; http://yii2.loc/#womens
http://yii2.loc/images/home/gallery4.jpg; http://yii2.loc/#womens
http://yii2.loc/images/home/gallery3.jpg; http://yii2.loc/#womens
http://yii2.loc/images/home/gallery1.jpg; http://yii2.loc/#womens
http://yii2.loc/images/home/recommend1.jpg; http://yii2.loc/#womens
http://yii2.loc/images/home/recommend2.jpg; http://yii2.loc/#womens
http://yii2.loc/images/home/recommend3.jpg; http://yii2.loc/#womens
http://yii2.loc/images/home/recommend1.jpg; http://yii2.loc/#womens
http://yii2.loc/images/home/recommend2.jpg; http://yii2.loc/#womens
http://yii2.loc/images/home/recommend3.jpg; http://yii2.loc/#womens
http://yii2.loc/images/home/iframe1.png; http://yii2.loc/#womens
http://yii2.loc/images/home/iframe2.png; http://yii2.loc/#womens
http://yii2.loc/images/home/iframe3.png; http://yii2.loc/#womens
http://yii2.loc/images/home/iframe4.png; http://yii2.loc/#womens
http://yii2.loc/images/home/map.png; http://yii2.loc/#womens
http://yii2.loc/images/home/logo.png; http://yii2.loc/category/3
http://yii2.loc/images/shop/advertisement.jpg; http://yii2.loc/category/3
http://yii2.loc/images/home/shipping.jpg; http://yii2.loc/category/3
http://yii2.loc/images/home/iframe1.png; http://yii2.loc/category/3
http://yii2.loc/images/home/iframe2.png; http://yii2.loc/category/3
http://yii2.loc/images/home/iframe3.png; http://yii2.loc/category/3
http://yii2.loc/images/home/iframe4.png; http://yii2.loc/category/3
http://yii2.loc/images/home/map.png; http://yii2.loc/category/3
http://yii2.loc/images/home/logo.png; http://yii2.loc/category/19
http://yii2.loc/images/shop/advertisement.jpg; http://yii2.loc/category/19
http://yii2.loc/images/home/shipping.jpg; http://yii2.loc/category/19
http://yii2.loc/images/home/iframe1.png; http://yii2.loc/category/19
http://yii2.loc/images/home/iframe2.png; http://yii2.loc/category/19
http://yii2.loc/images/home/iframe3.png; http://yii2.loc/category/19
http://yii2.loc/images/home/iframe4.png; http://yii2.loc/category/19
http://yii2.loc/images/home/map.png; http://yii2.loc/category/19
http://yii2.loc/images/home/logo.png; http://yii2.loc/category/20
http://yii2.loc/images/shop/advertisement.jpg; http://yii2.loc/category/20
http://yii2.loc/images/home/shipping.jpg; http://yii2.loc/category/20
http://yii2.loc/images/home/iframe1.png; http://yii2.loc/category/20
http://yii2.loc/images/home/iframe2.png; http://yii2.loc/category/20
http://yii2.loc/images/home/iframe3.png; http://yii2.loc/category/20
http://yii2.loc/images/home/iframe4.png; http://yii2.loc/category/20
http://yii2.loc/images/home/map.png; http://yii2.loc/category/20
http://yii2.loc/images/home/logo.png; http://yii2.loc/category/21
http://yii2.loc/images/shop/advertisement.jpg; http://yii2.loc/category/21
http://yii2.loc/images/home/shipping.jpg; http://yii2.loc/category/21
http://yii2.loc/images/home/iframe1.png; http://yii2.loc/category/21
http://yii2.loc/images/home/iframe2.png; http://yii2.loc/category/21
http://yii2.loc/images/home/iframe3.png; http://yii2.loc/category/21
http://yii2.loc/images/home/iframe4.png; http://yii2.loc/category/21
http://yii2.loc/images/home/map.png; http://yii2.loc/category/21
http://yii2.loc/images/home/logo.png; http://yii2.loc/category/22
http://yii2.loc/images/shop/advertisement.jpg; http://yii2.loc/category/22
http://yii2.loc/images/home/shipping.jpg; http://yii2.loc/category/22
http://yii2.loc/images/home/iframe1.png; http://yii2.loc/category/22
http://yii2.loc/images/home/iframe2.png; http://yii2.loc/category/22
http://yii2.loc/images/home/iframe3.png; http://yii2.loc/category/22
http://yii2.loc/images/home/iframe4.png; http://yii2.loc/category/22
http://yii2.loc/images/home/map.png; http://yii2.loc/category/22
http://yii2.loc/images/home/logo.png; http://yii2.loc/category/23
http://yii2.loc/images/shop/advertisement.jpg; http://yii2.loc/category/23
http://yii2.loc/images/home/shipping.jpg; http://yii2.loc/category/23
http://yii2.loc/images/home/iframe1.png; http://yii2.loc/category/23
http://yii2.loc/images/home/iframe2.png; http://yii2.loc/category/23
http://yii2.loc/images/home/iframe3.png; http://yii2.loc/category/23
http://yii2.loc/images/home/iframe4.png; http://yii2.loc/category/23
http://yii2.loc/images/home/map.png; http://yii2.loc/category/23
http://yii2.loc/images/home/logo.png; http://yii2.loc/#kids
http://yii2.loc/images/home/girl1.jpg; http://yii2.loc/#kids
http://yii2.loc/images/home/pricing.png; http://yii2.loc/#kids
http://yii2.loc/images/home/girl2.jpg; http://yii2.loc/#kids
http://yii2.loc/images/home/pricing.png; http://yii2.loc/#kids
http://yii2.loc/images/home/girl3.jpg; http://yii2.loc/#kids
http://yii2.loc/images/home/pricing.png; http://yii2.loc/#kids
http://yii2.loc/images/home/shipping.jpg; http://yii2.loc/#kids
http://yii2.loc/images/products/product1.jpg; http://yii2.loc/#kids
http://yii2.loc/images/home/sale.png; http://yii2.loc/#kids
http://yii2.loc/images/products/product3.jpg; http://yii2.loc/#kids
http://yii2.loc/images/home/new.png; http://yii2.loc/#kids
http://yii2.loc/images/products/product3.jpg; http://yii2.loc/#kids
http://yii2.loc/images/home/sale.png; http://yii2.loc/#kids
http://yii2.loc/images/products/product4.jpg; http://yii2.loc/#kids
http://yii2.loc/images/home/new.png; http://yii2.loc/#kids
http://yii2.loc/images/products/product5.jpg; http://yii2.loc/#kids
http://yii2.loc/images/home/sale.png; http://yii2.loc/#kids
http://yii2.loc/images/products/product6.jpg; http://yii2.loc/#kids
http://yii2.loc/images/home/new.png; http://yii2.loc/#kids
http://yii2.loc/images/home/gallery1.jpg; http://yii2.loc/#kids
http://yii2.loc/images/home/gallery2.jpg; http://yii2.loc/#kids
http://yii2.loc/images/home/gallery3.jpg; http://yii2.loc/#kids
http://yii2.loc/images/home/gallery4.jpg; http://yii2.loc/#kids
http://yii2.loc/images/home/gallery4.jpg; http://yii2.loc/#kids
http://yii2.loc/images/home/gallery3.jpg; http://yii2.loc/#kids
http://yii2.loc/images/home/gallery2.jpg; http://yii2.loc/#kids
http://yii2.loc/images/home/gallery1.jpg; http://yii2.loc/#kids
http://yii2.loc/images/home/gallery3.jpg; http://yii2.loc/#kids
http://yii2.loc/images/home/gallery4.jpg; http://yii2.loc/#kids
http://yii2.loc/images/home/gallery1.jpg; http://yii2.loc/#kids
http://yii2.loc/images/home/gallery2.jpg; http://yii2.loc/#kids
http://yii2.loc/images/home/gallery1.jpg; http://yii2.loc/#kids
http://yii2.loc/images/home/gallery2.jpg; http://yii2.loc/#kids
http://yii2.loc/images/home/gallery3.jpg; http://yii2.loc/#kids
http://yii2.loc/images/home/gallery4.jpg; http://yii2.loc/#kids
http://yii2.loc/images/home/gallery2.jpg; http://yii2.loc/#kids
http://yii2.loc/images/home/gallery4.jpg; http://yii2.loc/#kids
http://yii2.loc/images/home/gallery3.jpg; http://yii2.loc/#kids
http://yii2.loc/images/home/gallery1.jpg; http://yii2.loc/#kids
http://yii2.loc/images/home/recommend1.jpg; http://yii2.loc/#kids
http://yii2.loc/images/home/recommend2.jpg; http://yii2.loc/#kids
http://yii2.loc/images/home/recommend3.jpg; http://yii2.loc/#kids
http://yii2.loc/images/home/recommend1.jpg; http://yii2.loc/#kids
http://yii2.loc/images/home/recommend2.jpg; http://yii2.loc/#kids
http://yii2.loc/images/home/recommend3.jpg; http://yii2.loc/#kids
http://yii2.loc/images/home/iframe1.png; http://yii2.loc/#kids
http://yii2.loc/images/home/iframe2.png; http://yii2.loc/#kids
http://yii2.loc/images/home/iframe3.png; http://yii2.loc/#kids
http://yii2.loc/images/home/iframe4.png; http://yii2.loc/#kids
http://yii2.loc/images/home/map.png; http://yii2.loc/#kids
http://yii2.loc/images/home/logo.png; http://yii2.loc/category/24
http://yii2.loc/images/shop/advertisement.jpg; http://yii2.loc/category/24
http://yii2.loc/images/home/shipping.jpg; http://yii2.loc/category/24
http://yii2.loc/images/home/iframe1.png; http://yii2.loc/category/24
http://yii2.loc/images/home/iframe2.png; http://yii2.loc/category/24
http://yii2.loc/images/home/iframe3.png; http://yii2.loc/category/24
http://yii2.loc/images/home/iframe4.png; http://yii2.loc/category/24
http://yii2.loc/images/home/map.png; http://yii2.loc/category/24
http://yii2.loc/images/home/logo.png; http://yii2.loc/#fashion
http://yii2.loc/images/home/girl1.jpg; http://yii2.loc/#fashion
http://yii2.loc/images/home/pricing.png; http://yii2.loc/#fashion
http://yii2.loc/images/home/girl2.jpg; http://yii2.loc/#fashion
http://yii2.loc/images/home/pricing.png; http://yii2.loc/#fashion
http://yii2.loc/images/home/girl3.jpg; http://yii2.loc/#fashion
http://yii2.loc/images/home/pricing.png; http://yii2.loc/#fashion
http://yii2.loc/images/home/shipping.jpg; http://yii2.loc/#fashion
http://yii2.loc/images/products/product1.jpg; http://yii2.loc/#fashion
http://yii2.loc/images/home/sale.png; http://yii2.loc/#fashion
http://yii2.loc/images/products/product3.jpg; http://yii2.loc/#fashion
http://yii2.loc/images/home/new.png; http://yii2.loc/#fashion
http://yii2.loc/images/products/product3.jpg; http://yii2.loc/#fashion
http://yii2.loc/images/home/sale.png; http://yii2.loc/#fashion
http://yii2.loc/images/products/product4.jpg; http://yii2.loc/#fashion
http://yii2.loc/images/home/new.png; http://yii2.loc/#fashion
http://yii2.loc/images/products/product5.jpg; http://yii2.loc/#fashion
http://yii2.loc/images/home/sale.png; http://yii2.loc/#fashion
http://yii2.loc/images/products/product6.jpg; http://yii2.loc/#fashion
http://yii2.loc/images/home/new.png; http://yii2.loc/#fashion
http://yii2.loc/images/home/gallery1.jpg; http://yii2.loc/#fashion
http://yii2.loc/images/home/gallery2.jpg; http://yii2.loc/#fashion
http://yii2.loc/images/home/gallery3.jpg; http://yii2.loc/#fashion
http://yii2.loc/images/home/gallery4.jpg; http://yii2.loc/#fashion
http://yii2.loc/images/home/gallery4.jpg; http://yii2.loc/#fashion
http://yii2.loc/images/home/gallery3.jpg; http://yii2.loc/#fashion
http://yii2.loc/images/home/gallery2.jpg; http://yii2.loc/#fashion
http://yii2.loc/images/home/gallery1.jpg; http://yii2.loc/#fashion
http://yii2.loc/images/home/gallery3.jpg; http://yii2.loc/#fashion
http://yii2.loc/images/home/gallery4.jpg; http://yii2.loc/#fashion
http://yii2.loc/images/home/gallery1.jpg; http://yii2.loc/#fashion
http://yii2.loc/images/home/gallery2.jpg; http://yii2.loc/#fashion
http://yii2.loc/images/home/gallery1.jpg; http://yii2.loc/#fashion
http://yii2.loc/images/home/gallery2.jpg; http://yii2.loc/#fashion
http://yii2.loc/images/home/gallery3.jpg; http://yii2.loc/#fashion
http://yii2.loc/images/home/gallery4.jpg; http://yii2.loc/#fashion
http://yii2.loc/images/home/gallery2.jpg; http://yii2.loc/#fashion
http://yii2.loc/images/home/gallery4.jpg; http://yii2.loc/#fashion
http://yii2.loc/images/home/gallery3.jpg; http://yii2.loc/#fashion
http://yii2.loc/images/home/gallery1.jpg; http://yii2.loc/#fashion
http://yii2.loc/images/home/recommend1.jpg; http://yii2.loc/#fashion
http://yii2.loc/images/home/recommend2.jpg; http://yii2.loc/#fashion
http://yii2.loc/images/home/recommend3.jpg; http://yii2.loc/#fashion
http://yii2.loc/images/home/recommend1.jpg; http://yii2.loc/#fashion
http://yii2.loc/images/home/recommend2.jpg; http://yii2.loc/#fashion
http://yii2.loc/images/home/recommend3.jpg; http://yii2.loc/#fashion
http://yii2.loc/images/home/iframe1.png; http://yii2.loc/#fashion
http://yii2.loc/images/home/iframe2.png; http://yii2.loc/#fashion
http://yii2.loc/images/home/iframe3.png; http://yii2.loc/#fashion
http://yii2.loc/images/home/iframe4.png; http://yii2.loc/#fashion
http://yii2.loc/images/home/map.png; http://yii2.loc/#fashion
http://yii2.loc/images/home/logo.png; http://yii2.loc/category/25
http://yii2.loc/images/shop/advertisement.jpg; http://yii2.loc/category/25
http://yii2.loc/images/home/shipping.jpg; http://yii2.loc/category/25
http://yii2.loc/images/home/iframe1.png; http://yii2.loc/category/25
http://yii2.loc/images/home/iframe2.png; http://yii2.loc/category/25
http://yii2.loc/images/home/iframe3.png; http://yii2.loc/category/25
http://yii2.loc/images/home/iframe4.png; http://yii2.loc/category/25
http://yii2.loc/images/home/map.png; http://yii2.loc/category/25
http://yii2.loc/images/home/logo.png; http://yii2.loc/#hauseholds
http://yii2.loc/images/home/girl1.jpg; http://yii2.loc/#hauseholds
http://yii2.loc/images/home/pricing.png; http://yii2.loc/#hauseholds
http://yii2.loc/images/home/girl2.jpg; http://yii2.loc/#hauseholds
http://yii2.loc/images/home/pricing.png; http://yii2.loc/#hauseholds
http://yii2.loc/images/home/girl3.jpg; http://yii2.loc/#hauseholds
http://yii2.loc/images/home/pricing.png; http://yii2.loc/#hauseholds
http://yii2.loc/images/home/shipping.jpg; http://yii2.loc/#hauseholds
http://yii2.loc/images/products/product1.jpg; http://yii2.loc/#hauseholds
http://yii2.loc/images/home/sale.png; http://yii2.loc/#hauseholds
http://yii2.loc/images/products/product3.jpg; http://yii2.loc/#hauseholds
http://yii2.loc/images/home/new.png; http://yii2.loc/#hauseholds
http://yii2.loc/images/products/product3.jpg; http://yii2.loc/#hauseholds
http://yii2.loc/images/home/sale.png; http://yii2.loc/#hauseholds
http://yii2.loc/images/products/product4.jpg; http://yii2.loc/#hauseholds
http://yii2.loc/images/home/new.png; http://yii2.loc/#hauseholds
http://yii2.loc/images/products/product5.jpg; http://yii2.loc/#hauseholds
http://yii2.loc/images/home/sale.png; http://yii2.loc/#hauseholds
http://yii2.loc/images/products/product6.jpg; http://yii2.loc/#hauseholds
http://yii2.loc/images/home/new.png; http://yii2.loc/#hauseholds
http://yii2.loc/images/home/gallery1.jpg; http://yii2.loc/#hauseholds
http://yii2.loc/images/home/gallery2.jpg; http://yii2.loc/#hauseholds
http://yii2.loc/images/home/gallery3.jpg; http://yii2.loc/#hauseholds
http://yii2.loc/images/home/gallery4.jpg; http://yii2.loc/#hauseholds
http://yii2.loc/images/home/gallery4.jpg; http://yii2.loc/#hauseholds
http://yii2.loc/images/home/gallery3.jpg; http://yii2.loc/#hauseholds
http://yii2.loc/images/home/gallery2.jpg; http://yii2.loc/#hauseholds
http://yii2.loc/images/home/gallery1.jpg; http://yii2.loc/#hauseholds
http://yii2.loc/images/home/gallery3.jpg; http://yii2.loc/#hauseholds
http://yii2.loc/images/home/gallery4.jpg; http://yii2.loc/#hauseholds
http://yii2.loc/images/home/gallery1.jpg; http://yii2.loc/#hauseholds
http://yii2.loc/images/home/gallery2.jpg; http://yii2.loc/#hauseholds
http://yii2.loc/images/home/gallery1.jpg; http://yii2.loc/#hauseholds
http://yii2.loc/images/home/gallery2.jpg; http://yii2.loc/#hauseholds
http://yii2.loc/images/home/gallery3.jpg; http://yii2.loc/#hauseholds
http://yii2.loc/images/home/gallery4.jpg; http://yii2.loc/#hauseholds
http://yii2.loc/images/home/gallery2.jpg; http://yii2.loc/#hauseholds
http://yii2.loc/images/home/gallery4.jpg; http://yii2.loc/#hauseholds
http://yii2.loc/images/home/gallery3.jpg; http://yii2.loc/#hauseholds
http://yii2.loc/images/home/gallery1.jpg; http://yii2.loc/#hauseholds
http://yii2.loc/images/home/recommend1.jpg; http://yii2.loc/#hauseholds
http://yii2.loc/images/home/recommend2.jpg; http://yii2.loc/#hauseholds
http://yii2.loc/images/home/recommend3.jpg; http://yii2.loc/#hauseholds
http://yii2.loc/images/home/recommend1.jpg; http://yii2.loc/#hauseholds
http://yii2.loc/images/home/recommend2.jpg; http://yii2.loc/#hauseholds
http://yii2.loc/images/home/recommend3.jpg; http://yii2.loc/#hauseholds
http://yii2.loc/images/home/iframe1.png; http://yii2.loc/#hauseholds
http://yii2.loc/images/home/iframe2.png; http://yii2.loc/#hauseholds
http://yii2.loc/images/home/iframe3.png; http://yii2.loc/#hauseholds
http://yii2.loc/images/home/iframe4.png; http://yii2.loc/#hauseholds
http://yii2.loc/images/home/map.png; http://yii2.loc/#hauseholds
http://yii2.loc/images/home/logo.png; http://yii2.loc/category/26
http://yii2.loc/images/shop/advertisement.jpg; http://yii2.loc/category/26
http://yii2.loc/images/home/shipping.jpg; http://yii2.loc/category/26
http://yii2.loc/images/home/iframe1.png; http://yii2.loc/category/26
http://yii2.loc/images/home/iframe2.png; http://yii2.loc/category/26
http://yii2.loc/images/home/iframe3.png; http://yii2.loc/category/26
http://yii2.loc/images/home/iframe4.png; http://yii2.loc/category/26
http://yii2.loc/images/home/map.png; http://yii2.loc/category/26
http://yii2.loc/images/home/logo.png; http://yii2.loc/#interiors
http://yii2.loc/images/home/girl1.jpg; http://yii2.loc/#interiors
http://yii2.loc/images/home/pricing.png; http://yii2.loc/#interiors
http://yii2.loc/images/home/girl2.jpg; http://yii2.loc/#interiors
http://yii2.loc/images/home/pricing.png; http://yii2.loc/#interiors
http://yii2.loc/images/home/girl3.jpg; http://yii2.loc/#interiors
http://yii2.loc/images/home/pricing.png; http://yii2.loc/#interiors
http://yii2.loc/images/home/shipping.jpg; http://yii2.loc/#interiors
http://yii2.loc/images/products/product1.jpg; http://yii2.loc/#interiors
http://yii2.loc/images/home/sale.png; http://yii2.loc/#interiors
http://yii2.loc/images/products/product3.jpg; http://yii2.loc/#interiors
http://yii2.loc/images/home/new.png; http://yii2.loc/#interiors
http://yii2.loc/images/products/product3.jpg; http://yii2.loc/#interiors
http://yii2.loc/images/home/sale.png; http://yii2.loc/#interiors
http://yii2.loc/images/products/product4.jpg; http://yii2.loc/#interiors
http://yii2.loc/images/home/new.png; http://yii2.loc/#interiors
http://yii2.loc/images/products/product5.jpg; http://yii2.loc/#interiors
http://yii2.loc/images/home/sale.png; http://yii2.loc/#interiors
http://yii2.loc/images/products/product6.jpg; http://yii2.loc/#interiors
http://yii2.loc/images/home/new.png; http://yii2.loc/#interiors
http://yii2.loc/images/home/gallery1.jpg; http://yii2.loc/#interiors
http://yii2.loc/images/home/gallery2.jpg; http://yii2.loc/#interiors
http://yii2.loc/images/home/gallery3.jpg; http://yii2.loc/#interiors
http://yii2.loc/images/home/gallery4.jpg; http://yii2.loc/#interiors
http://yii2.loc/images/home/gallery4.jpg; http://yii2.loc/#interiors
http://yii2.loc/images/home/gallery3.jpg; http://yii2.loc/#interiors
http://yii2.loc/images/home/gallery2.jpg; http://yii2.loc/#interiors
http://yii2.loc/images/home/gallery1.jpg; http://yii2.loc/#interiors
http://yii2.loc/images/home/gallery3.jpg; http://yii2.loc/#interiors
http://yii2.loc/images/home/gallery4.jpg; http://yii2.loc/#interiors
http://yii2.loc/images/home/gallery1.jpg; http://yii2.loc/#interiors
http://yii2.loc/images/home/gallery2.jpg; http://yii2.loc/#interiors
http://yii2.loc/images/home/gallery1.jpg; http://yii2.loc/#interiors
http://yii2.loc/images/home/gallery2.jpg; http://yii2.loc/#interiors
http://yii2.loc/images/home/gallery3.jpg; http://yii2.loc/#interiors
http://yii2.loc/images/home/gallery4.jpg; http://yii2.loc/#interiors
http://yii2.loc/images/home/gallery2.jpg; http://yii2.loc/#interiors
http://yii2.loc/images/home/gallery4.jpg; http://yii2.loc/#interiors
http://yii2.loc/images/home/gallery3.jpg; http://yii2.loc/#interiors
http://yii2.loc/images/home/gallery1.jpg; http://yii2.loc/#interiors
http://yii2.loc/images/home/recommend1.jpg; http://yii2.loc/#interiors
http://yii2.loc/images/home/recommend2.jpg; http://yii2.loc/#interiors
http://yii2.loc/images/home/recommend3.jpg; http://yii2.loc/#interiors
http://yii2.loc/images/home/recommend1.jpg; http://yii2.loc/#interiors
http://yii2.loc/images/home/recommend2.jpg; http://yii2.loc/#interiors
http://yii2.loc/images/home/recommend3.jpg; http://yii2.loc/#interiors
http://yii2.loc/images/home/iframe1.png; http://yii2.loc/#interiors
http://yii2.loc/images/home/iframe2.png; http://yii2.loc/#interiors
http://yii2.loc/images/home/iframe3.png; http://yii2.loc/#interiors
http://yii2.loc/images/home/iframe4.png; http://yii2.loc/#interiors
http://yii2.loc/images/home/map.png; http://yii2.loc/#interiors
http://yii2.loc/images/home/logo.png; http://yii2.loc/category/27
http://yii2.loc/images/shop/advertisement.jpg; http://yii2.loc/category/27
http://yii2.loc/images/home/shipping.jpg; http://yii2.loc/category/27
http://yii2.loc/images/home/iframe1.png; http://yii2.loc/category/27
http://yii2.loc/images/home/iframe2.png; http://yii2.loc/category/27
http://yii2.loc/images/home/iframe3.png; http://yii2.loc/category/27
http://yii2.loc/images/home/iframe4.png; http://yii2.loc/category/27
http://yii2.loc/images/home/map.png; http://yii2.loc/category/27
http://yii2.loc/images/home/logo.png; http://yii2.loc/#clothing
http://yii2.loc/images/home/girl1.jpg; http://yii2.loc/#clothing
http://yii2.loc/images/home/pricing.png; http://yii2.loc/#clothing
http://yii2.loc/images/home/girl2.jpg; http://yii2.loc/#clothing
http://yii2.loc/images/home/pricing.png; http://yii2.loc/#clothing
http://yii2.loc/images/home/girl3.jpg; http://yii2.loc/#clothing
http://yii2.loc/images/home/pricing.png; http://yii2.loc/#clothing
http://yii2.loc/images/home/shipping.jpg; http://yii2.loc/#clothing
http://yii2.loc/images/products/product1.jpg; http://yii2.loc/#clothing
http://yii2.loc/images/home/sale.png; http://yii2.loc/#clothing
http://yii2.loc/images/products/product3.jpg; http://yii2.loc/#clothing
http://yii2.loc/images/home/new.png; http://yii2.loc/#clothing
http://yii2.loc/images/products/product3.jpg; http://yii2.loc/#clothing
http://yii2.loc/images/home/sale.png; http://yii2.loc/#clothing
http://yii2.loc/images/products/product4.jpg; http://yii2.loc/#clothing
http://yii2.loc/images/home/new.png; http://yii2.loc/#clothing
http://yii2.loc/images/products/product5.jpg; http://yii2.loc/#clothing
http://yii2.loc/images/home/sale.png; http://yii2.loc/#clothing
http://yii2.loc/images/products/product6.jpg; http://yii2.loc/#clothing
http://yii2.loc/images/home/new.png; http://yii2.loc/#clothing
http://yii2.loc/images/home/gallery1.jpg; http://yii2.loc/#clothing
http://yii2.loc/images/home/gallery2.jpg; http://yii2.loc/#clothing
http://yii2.loc/images/home/gallery3.jpg; http://yii2.loc/#clothing
http://yii2.loc/images/home/gallery4.jpg; http://yii2.loc/#clothing
http://yii2.loc/images/home/gallery4.jpg; http://yii2.loc/#clothing
http://yii2.loc/images/home/gallery3.jpg; http://yii2.loc/#clothing
http://yii2.loc/images/home/gallery2.jpg; http://yii2.loc/#clothing
http://yii2.loc/images/home/gallery1.jpg; http://yii2.loc/#clothing
http://yii2.loc/images/home/gallery3.jpg; http://yii2.loc/#clothing
http://yii2.loc/images/home/gallery4.jpg; http://yii2.loc/#clothing
http://yii2.loc/images/home/gallery1.jpg; http://yii2.loc/#clothing
http://yii2.loc/images/home/gallery2.jpg; http://yii2.loc/#clothing
http://yii2.loc/images/home/gallery1.jpg; http://yii2.loc/#clothing
http://yii2.loc/images/home/gallery2.jpg; http://yii2.loc/#clothing
http://yii2.loc/images/home/gallery3.jpg; http://yii2.loc/#clothing
http://yii2.loc/images/home/gallery4.jpg; http://yii2.loc/#clothing
http://yii2.loc/images/home/gallery2.jpg; http://yii2.loc/#clothing
http://yii2.loc/images/home/gallery4.jpg; http://yii2.loc/#clothing
http://yii2.loc/images/home/gallery3.jpg; http://yii2.loc/#clothing
http://yii2.loc/images/home/gallery1.jpg; http://yii2.loc/#clothing
http://yii2.loc/images/home/recommend1.jpg; http://yii2.loc/#clothing
http://yii2.loc/images/home/recommend2.jpg; http://yii2.loc/#clothing
http://yii2.loc/images/home/recommend3.jpg; http://yii2.loc/#clothing
http://yii2.loc/images/home/recommend1.jpg; http://yii2.loc/#clothing
http://yii2.loc/images/home/recommend2.jpg; http://yii2.loc/#clothing
http://yii2.loc/images/home/recommend3.jpg; http://yii2.loc/#clothing
http://yii2.loc/images/home/iframe1.png; http://yii2.loc/#clothing
http://yii2.loc/images/home/iframe2.png; http://yii2.loc/#clothing
http://yii2.loc/images/home/iframe3.png; http://yii2.loc/#clothing
http://yii2.loc/images/home/iframe4.png; http://yii2.loc/#clothing
http://yii2.loc/images/home/map.png; http://yii2.loc/#clothing
http://yii2.loc/images/home/logo.png; http://yii2.loc/category/28
http://yii2.loc/images/shop/advertisement.jpg; http://yii2.loc/category/28
http://yii2.loc/images/home/shipping.jpg; http://yii2.loc/category/28
http://yii2.loc/images/home/iframe1.png; http://yii2.loc/category/28
http://yii2.loc/images/home/iframe2.png; http://yii2.loc/category/28
http://yii2.loc/images/home/iframe3.png; http://yii2.loc/category/28
http://yii2.loc/images/home/iframe4.png; http://yii2.loc/category/28
http://yii2.loc/images/home/map.png; http://yii2.loc/category/28
http://yii2.loc/images/home/logo.png; http://yii2.loc/#bags
http://yii2.loc/images/home/girl1.jpg; http://yii2.loc/#bags
http://yii2.loc/images/home/pricing.png; http://yii2.loc/#bags
http://yii2.loc/images/home/girl2.jpg; http://yii2.loc/#bags
http://yii2.loc/images/home/pricing.png; http://yii2.loc/#bags
http://yii2.loc/images/home/girl3.jpg; http://yii2.loc/#bags
http://yii2.loc/images/home/pricing.png; http://yii2.loc/#bags
http://yii2.loc/images/home/shipping.jpg; http://yii2.loc/#bags
http://yii2.loc/images/products/product1.jpg; http://yii2.loc/#bags
http://yii2.loc/images/home/sale.png; http://yii2.loc/#bags
http://yii2.loc/images/products/product3.jpg; http://yii2.loc/#bags
http://yii2.loc/images/home/new.png; http://yii2.loc/#bags
http://yii2.loc/images/products/product3.jpg; http://yii2.loc/#bags
http://yii2.loc/images/home/sale.png; http://yii2.loc/#bags
http://yii2.loc/images/products/product4.jpg; http://yii2.loc/#bags
http://yii2.loc/images/home/new.png; http://yii2.loc/#bags
http://yii2.loc/images/products/product5.jpg; http://yii2.loc/#bags
http://yii2.loc/images/home/sale.png; http://yii2.loc/#bags
http://yii2.loc/images/products/product6.jpg; http://yii2.loc/#bags
http://yii2.loc/images/home/new.png; http://yii2.loc/#bags
http://yii2.loc/images/home/gallery1.jpg; http://yii2.loc/#bags
http://yii2.loc/images/home/gallery2.jpg; http://yii2.loc/#bags
http://yii2.loc/images/home/gallery3.jpg; http://yii2.loc/#bags
http://yii2.loc/images/home/gallery4.jpg; http://yii2.loc/#bags
http://yii2.loc/images/home/gallery4.jpg; http://yii2.loc/#bags
http://yii2.loc/images/home/gallery3.jpg; http://yii2.loc/#bags
http://yii2.loc/images/home/gallery2.jpg; http://yii2.loc/#bags
http://yii2.loc/images/home/gallery1.jpg; http://yii2.loc/#bags
http://yii2.loc/images/home/gallery3.jpg; http://yii2.loc/#bags
http://yii2.loc/images/home/gallery4.jpg; http://yii2.loc/#bags
http://yii2.loc/images/home/gallery1.jpg; http://yii2.loc/#bags
http://yii2.loc/images/home/gallery2.jpg; http://yii2.loc/#bags
http://yii2.loc/images/home/gallery1.jpg; http://yii2.loc/#bags
http://yii2.loc/images/home/gallery2.jpg; http://yii2.loc/#bags
http://yii2.loc/images/home/gallery3.jpg; http://yii2.loc/#bags
http://yii2.loc/images/home/gallery4.jpg; http://yii2.loc/#bags
http://yii2.loc/images/home/gallery2.jpg; http://yii2.loc/#bags
http://yii2.loc/images/home/gallery4.jpg; http://yii2.loc/#bags
http://yii2.loc/images/home/gallery3.jpg; http://yii2.loc/#bags
http://yii2.loc/images/home/gallery1.jpg; http://yii2.loc/#bags
http://yii2.loc/images/home/recommend1.jpg; http://yii2.loc/#bags
http://yii2.loc/images/home/recommend2.jpg; http://yii2.loc/#bags
http://yii2.loc/images/home/recommend3.jpg; http://yii2.loc/#bags
http://yii2.loc/images/home/recommend1.jpg; http://yii2.loc/#bags
http://yii2.loc/images/home/recommend2.jpg; http://yii2.loc/#bags
http://yii2.loc/images/home/recommend3.jpg; http://yii2.loc/#bags
http://yii2.loc/images/home/iframe1.png; http://yii2.loc/#bags
http://yii2.loc/images/home/iframe2.png; http://yii2.loc/#bags
http://yii2.loc/images/home/iframe3.png; http://yii2.loc/#bags
http://yii2.loc/images/home/iframe4.png; http://yii2.loc/#bags
http://yii2.loc/images/home/map.png; http://yii2.loc/#bags
http://yii2.loc/images/home/logo.png; http://yii2.loc/category/29
http://yii2.loc/images/shop/advertisement.jpg; http://yii2.loc/category/29
http://yii2.loc/images/home/shipping.jpg; http://yii2.loc/category/29
http://yii2.loc/images/home/iframe1.png; http://yii2.loc/category/29
http://yii2.loc/images/home/iframe2.png; http://yii2.loc/category/29
http://yii2.loc/images/home/iframe3.png; http://yii2.loc/category/29
http://yii2.loc/images/home/iframe4.png; http://yii2.loc/category/29
http://yii2.loc/images/home/map.png; http://yii2.loc/category/29
http://yii2.loc/images/home/logo.png; http://yii2.loc/#shoes
http://yii2.loc/images/home/girl1.jpg; http://yii2.loc/#shoes
http://yii2.loc/images/home/pricing.png; http://yii2.loc/#shoes
http://yii2.loc/images/home/girl2.jpg; http://yii2.loc/#shoes
http://yii2.loc/images/home/pricing.png; http://yii2.loc/#shoes
http://yii2.loc/images/home/girl3.jpg; http://yii2.loc/#shoes
http://yii2.loc/images/home/pricing.png; http://yii2.loc/#shoes
http://yii2.loc/images/home/shipping.jpg; http://yii2.loc/#shoes
http://yii2.loc/images/products/product1.jpg; http://yii2.loc/#shoes
http://yii2.loc/images/home/sale.png; http://yii2.loc/#shoes
http://yii2.loc/images/products/product3.jpg; http://yii2.loc/#shoes
http://yii2.loc/images/home/new.png; http://yii2.loc/#shoes
http://yii2.loc/images/products/product3.jpg; http://yii2.loc/#shoes
http://yii2.loc/images/home/sale.png; http://yii2.loc/#shoes
http://yii2.loc/images/products/product4.jpg; http://yii2.loc/#shoes
http://yii2.loc/images/home/new.png; http://yii2.loc/#shoes
http://yii2.loc/images/products/product5.jpg; http://yii2.loc/#shoes
http://yii2.loc/images/home/sale.png; http://yii2.loc/#shoes
http://yii2.loc/images/products/product6.jpg; http://yii2.loc/#shoes
http://yii2.loc/images/home/new.png; http://yii2.loc/#shoes
http://yii2.loc/images/home/gallery1.jpg; http://yii2.loc/#shoes
http://yii2.loc/images/home/gallery2.jpg; http://yii2.loc/#shoes
http://yii2.loc/images/home/gallery3.jpg; http://yii2.loc/#shoes
http://yii2.loc/images/home/gallery4.jpg; http://yii2.loc/#shoes
http://yii2.loc/images/home/gallery4.jpg; http://yii2.loc/#shoes
http://yii2.loc/images/home/gallery3.jpg; http://yii2.loc/#shoes
http://yii2.loc/images/home/gallery2.jpg; http://yii2.loc/#shoes
http://yii2.loc/images/home/gallery1.jpg; http://yii2.loc/#shoes
http://yii2.loc/images/home/gallery3.jpg; http://yii2.loc/#shoes
http://yii2.loc/images/home/gallery4.jpg; http://yii2.loc/#shoes
http://yii2.loc/images/home/gallery1.jpg; http://yii2.loc/#shoes
http://yii2.loc/images/home/gallery2.jpg; http://yii2.loc/#shoes
http://yii2.loc/images/home/gallery1.jpg; http://yii2.loc/#shoes
http://yii2.loc/images/home/gallery2.jpg; http://yii2.loc/#shoes
http://yii2.loc/images/home/gallery3.jpg; http://yii2.loc/#shoes
http://yii2.loc/images/home/gallery4.jpg; http://yii2.loc/#shoes
http://yii2.loc/images/home/gallery2.jpg; http://yii2.loc/#shoes
http://yii2.loc/images/home/gallery4.jpg; http://yii2.loc/#shoes
http://yii2.loc/images/home/gallery3.jpg; http://yii2.loc/#shoes
http://yii2.loc/images/home/gallery1.jpg; http://yii2.loc/#shoes
http://yii2.loc/images/home/recommend1.jpg; http://yii2.loc/#shoes
http://yii2.loc/images/home/recommend2.jpg; http://yii2.loc/#shoes
http://yii2.loc/images/home/recommend3.jpg; http://yii2.loc/#shoes
http://yii2.loc/images/home/recommend1.jpg; http://yii2.loc/#shoes
http://yii2.loc/images/home/recommend2.jpg; http://yii2.loc/#shoes
http://yii2.loc/images/home/recommend3.jpg; http://yii2.loc/#shoes
http://yii2.loc/images/home/iframe1.png; http://yii2.loc/#shoes
http://yii2.loc/images/home/iframe2.png; http://yii2.loc/#shoes
http://yii2.loc/images/home/iframe3.png; http://yii2.loc/#shoes
http://yii2.loc/images/home/iframe4.png; http://yii2.loc/#shoes
http://yii2.loc/images/home/map.png; http://yii2.loc/#shoes
http://yii2.loc/images/home/logo.png; http://yii2.loc/category/30
http://yii2.loc/images/shop/advertisement.jpg; http://yii2.loc/category/30
http://yii2.loc/images/home/shipping.jpg; http://yii2.loc/category/30
http://yii2.loc/images/home/iframe1.png; http://yii2.loc/category/30
http://yii2.loc/images/home/iframe2.png; http://yii2.loc/category/30
http://yii2.loc/images/home/iframe3.png; http://yii2.loc/category/30
http://yii2.loc/images/home/iframe4.png; http://yii2.loc/category/30
http://yii2.loc/images/home/map.png; http://yii2.loc/category/30
http://yii2.loc/images/home/logo.png; http://yii2.loc/product/1
http://yii2.loc/images/home/shipping.jpg; http://yii2.loc/product/1
http://yii2.loc/yii2images/images/image-by-item-and-alias?item=Product1&dirtyAlias=38c6b04539-1.jpg; http://yii2.loc/product/1
http://yii2.loc/yii2images/images/image-by-item-and-alias?item=Product1&dirtyAlias=38c6b04539-1_84x85.jpg; http://yii2.loc/product/1
http://yii2.loc/yii2images/images/image-by-item-and-alias?item=Product1&dirtyAlias=751e48b7eb-2_84x85.jpg; http://yii2.loc/product/1
http://yii2.loc/yii2images/images/image-by-item-and-alias?item=Product1&dirtyAlias=ebb9a02478-3_84x85.jpg; http://yii2.loc/product/1
http://yii2.loc/yii2images/images/image-by-item-and-alias?item=Product1&dirtyAlias=bae3dee517-4_84x85.jpg; http://yii2.loc/product/1
http://yii2.loc/images/home/sale.png; http://yii2.loc/product/1
http://yii2.loc/images/product-details/rating.png; http://yii2.loc/product/1
http://yii2.loc/images/product-details/share.png; http://yii2.loc/product/1
http://yii2.loc/web/upload/global/similar1.jpg; http://yii2.loc/product/1
http://yii2.loc/images/products/product1.jpg; http://yii2.loc/product/1
http://yii2.loc/images/products/product3.jpg; http://yii2.loc/product/1
http://yii2.loc/images/products/product3.jpg; http://yii2.loc/product/1
http://yii2.loc/images/products/product4.jpg; http://yii2.loc/product/1
http://yii2.loc/images/products/product5.jpg; http://yii2.loc/product/1
http://yii2.loc/images/products/product6.jpg; http://yii2.loc/product/1
http://yii2.loc/images/products/product3.jpg; http://yii2.loc/product/1
http://yii2.loc/images/home/iframe1.png; http://yii2.loc/product/1
http://yii2.loc/images/home/iframe2.png; http://yii2.loc/product/1
http://yii2.loc/images/home/iframe3.png; http://yii2.loc/product/1
http://yii2.loc/images/home/iframe4.png; http://yii2.loc/product/1
http://yii2.loc/images/home/map.png; http://yii2.loc/product/1
http://yii2.loc/images/home/logo.png; http://yii2.loc/#similar-product
http://yii2.loc/images/home/girl1.jpg; http://yii2.loc/#similar-product
http://yii2.loc/images/home/pricing.png; http://yii2.loc/#similar-product
http://yii2.loc/images/home/girl2.jpg; http://yii2.loc/#similar-product
http://yii2.loc/images/home/pricing.png; http://yii2.loc/#similar-product
http://yii2.loc/images/home/girl3.jpg; http://yii2.loc/#similar-product
http://yii2.loc/images/home/pricing.png; http://yii2.loc/#similar-product
http://yii2.loc/images/home/shipping.jpg; http://yii2.loc/#similar-product
http://yii2.loc/images/products/product1.jpg; http://yii2.loc/#similar-product
http://yii2.loc/images/home/sale.png; http://yii2.loc/#similar-product
http://yii2.loc/images/products/product3.jpg; http://yii2.loc/#similar-product
http://yii2.loc/images/home/new.png; http://yii2.loc/#similar-product
http://yii2.loc/images/products/product3.jpg; http://yii2.loc/#similar-product
http://yii2.loc/images/home/sale.png; http://yii2.loc/#similar-product
http://yii2.loc/images/products/product4.jpg; http://yii2.loc/#similar-product
http://yii2.loc/images/home/new.png; http://yii2.loc/#similar-product
http://yii2.loc/images/products/product5.jpg; http://yii2.loc/#similar-product
http://yii2.loc/images/home/sale.png; http://yii2.loc/#similar-product
http://yii2.loc/images/products/product6.jpg; http://yii2.loc/#similar-product
http://yii2.loc/images/home/new.png; http://yii2.loc/#similar-product
http://yii2.loc/images/home/gallery1.jpg; http://yii2.loc/#similar-product
http://yii2.loc/images/home/gallery2.jpg; http://yii2.loc/#similar-product
http://yii2.loc/images/home/gallery3.jpg; http://yii2.loc/#similar-product
http://yii2.loc/images/home/gallery4.jpg; http://yii2.loc/#similar-product
http://yii2.loc/images/home/gallery4.jpg; http://yii2.loc/#similar-product
http://yii2.loc/images/home/gallery3.jpg; http://yii2.loc/#similar-product
http://yii2.loc/images/home/gallery2.jpg; http://yii2.loc/#similar-product
http://yii2.loc/images/home/gallery1.jpg; http://yii2.loc/#similar-product
http://yii2.loc/images/home/gallery3.jpg; http://yii2.loc/#similar-product
http://yii2.loc/images/home/gallery4.jpg; http://yii2.loc/#similar-product
http://yii2.loc/images/home/gallery1.jpg; http://yii2.loc/#similar-product
http://yii2.loc/images/home/gallery2.jpg; http://yii2.loc/#similar-product
http://yii2.loc/images/home/gallery1.jpg; http://yii2.loc/#similar-product
http://yii2.loc/images/home/gallery2.jpg; http://yii2.loc/#similar-product
http://yii2.loc/images/home/gallery3.jpg; http://yii2.loc/#similar-product
http://yii2.loc/images/home/gallery4.jpg; http://yii2.loc/#similar-product
http://yii2.loc/images/home/gallery2.jpg; http://yii2.loc/#similar-product
http://yii2.loc/images/home/gallery4.jpg; http://yii2.loc/#similar-product
http://yii2.loc/images/home/gallery3.jpg; http://yii2.loc/#similar-product
http://yii2.loc/images/home/gallery1.jpg; http://yii2.loc/#similar-product
http://yii2.loc/images/home/recommend1.jpg; http://yii2.loc/#similar-product
http://yii2.loc/images/home/recommend2.jpg; http://yii2.loc/#similar-product
http://yii2.loc/images/home/recommend3.jpg; http://yii2.loc/#similar-product
http://yii2.loc/images/home/recommend1.jpg; http://yii2.loc/#similar-product
http://yii2.loc/images/home/recommend2.jpg; http://yii2.loc/#similar-product
http://yii2.loc/images/home/recommend3.jpg; http://yii2.loc/#similar-product
http://yii2.loc/images/home/iframe1.png; http://yii2.loc/#similar-product
http://yii2.loc/images/home/iframe2.png; http://yii2.loc/#similar-product
http://yii2.loc/images/home/iframe3.png; http://yii2.loc/#similar-product
http://yii2.loc/images/home/iframe4.png; http://yii2.loc/#similar-product
http://yii2.loc/images/home/map.png; http://yii2.loc/#similar-product
http://yii2.loc/images/home/logo.png; http://yii2.loc/product/2
http://yii2.loc/images/home/shipping.jpg; http://yii2.loc/product/2
http://yii2.loc/yii2images/images/image-by-item-and-alias?item=&dirtyAlias=placeHolder.png; http://yii2.loc/product/2
http://yii2.loc/yii2images/images/image-by-item-and-alias?item=&dirtyAlias=placeHolder_84x85.png; http://yii2.loc/product/2
http://yii2.loc/images/home/new.png; http://yii2.loc/product/2
http://yii2.loc/images/product-details/rating.png; http://yii2.loc/product/2
http://yii2.loc/images/product-details/share.png; http://yii2.loc/product/2
http://yii2.loc/images/products/product1.jpg; http://yii2.loc/product/2
http://yii2.loc/images/products/product3.jpg; http://yii2.loc/product/2
http://yii2.loc/images/products/product3.jpg; http://yii2.loc/product/2
http://yii2.loc/images/products/product4.jpg; http://yii2.loc/product/2
http://yii2.loc/images/products/product5.jpg; http://yii2.loc/product/2
http://yii2.loc/images/products/product6.jpg; http://yii2.loc/product/2
http://yii2.loc/images/products/product3.jpg; http://yii2.loc/product/2
http://yii2.loc/images/home/iframe1.png; http://yii2.loc/product/2
http://yii2.loc/images/home/iframe2.png; http://yii2.loc/product/2
http://yii2.loc/images/home/iframe3.png; http://yii2.loc/product/2
http://yii2.loc/images/home/iframe4.png; http://yii2.loc/product/2
http://yii2.loc/images/home/map.png; http://yii2.loc/product/2
http://yii2.loc/images/home/logo.png; http://yii2.loc/product/3
http://yii2.loc/images/home/shipping.jpg; http://yii2.loc/product/3
http://yii2.loc/yii2images/images/image-by-item-and-alias?item=&dirtyAlias=placeHolder.png; http://yii2.loc/product/3
http://yii2.loc/yii2images/images/image-by-item-and-alias?item=&dirtyAlias=placeHolder_84x85.png; http://yii2.loc/product/3
http://yii2.loc/images/home/sale.png; http://yii2.loc/product/3
http://yii2.loc/images/product-details/rating.png; http://yii2.loc/product/3
http://yii2.loc/images/product-details/share.png; http://yii2.loc/product/3
http://yii2.loc/images/products/product1.jpg; http://yii2.loc/product/3
http://yii2.loc/images/products/product3.jpg; http://yii2.loc/product/3
http://yii2.loc/images/products/product3.jpg; http://yii2.loc/product/3
http://yii2.loc/images/products/product4.jpg; http://yii2.loc/product/3
http://yii2.loc/images/products/product5.jpg; http://yii2.loc/product/3
http://yii2.loc/images/products/product6.jpg; http://yii2.loc/product/3
http://yii2.loc/images/products/product3.jpg; http://yii2.loc/product/3
http://yii2.loc/images/home/iframe1.png; http://yii2.loc/product/3
http://yii2.loc/images/home/iframe2.png; http://yii2.loc/product/3
http://yii2.loc/images/home/iframe3.png; http://yii2.loc/product/3
http://yii2.loc/images/home/iframe4.png; http://yii2.loc/product/3
http://yii2.loc/images/home/map.png; http://yii2.loc/product/3
http://yii2.loc/images/home/logo.png; http://yii2.loc/product/4
http://yii2.loc/images/home/shipping.jpg; http://yii2.loc/product/4
http://yii2.loc/yii2images/images/image-by-item-and-alias?item=&dirtyAlias=placeHolder.png; http://yii2.loc/product/4
http://yii2.loc/yii2images/images/image-by-item-and-alias?item=&dirtyAlias=placeHolder_84x85.png; http://yii2.loc/product/4
http://yii2.loc/images/home/new.png; http://yii2.loc/product/4
http://yii2.loc/images/product-details/rating.png; http://yii2.loc/product/4
http://yii2.loc/images/product-details/share.png; http://yii2.loc/product/4
http://yii2.loc/images/products/product1.jpg; http://yii2.loc/product/4
http://yii2.loc/images/products/product3.jpg; http://yii2.loc/product/4
http://yii2.loc/images/products/product3.jpg; http://yii2.loc/product/4
http://yii2.loc/images/products/product4.jpg; http://yii2.loc/product/4
http://yii2.loc/images/products/product5.jpg; http://yii2.loc/product/4
http://yii2.loc/images/products/product6.jpg; http://yii2.loc/product/4
http://yii2.loc/images/products/product3.jpg; http://yii2.loc/product/4
http://yii2.loc/images/home/iframe1.png; http://yii2.loc/product/4
http://yii2.loc/images/home/iframe2.png; http://yii2.loc/product/4
http://yii2.loc/images/home/iframe3.png; http://yii2.loc/product/4
http://yii2.loc/images/home/iframe4.png; http://yii2.loc/product/4
http://yii2.loc/images/home/map.png; http://yii2.loc/product/4
http://yii2.loc/images/home/logo.png; http://yii2.loc/product/5
http://yii2.loc/images/home/shipping.jpg; http://yii2.loc/product/5
http://yii2.loc/yii2images/images/image-by-item-and-alias?item=&dirtyAlias=placeHolder.png; http://yii2.loc/product/5
http://yii2.loc/yii2images/images/image-by-item-and-alias?item=&dirtyAlias=placeHolder_84x85.png; http://yii2.loc/product/5
http://yii2.loc/images/home/sale.png; http://yii2.loc/product/5
http://yii2.loc/images/product-details/rating.png; http://yii2.loc/product/5
http://yii2.loc/images/product-details/share.png; http://yii2.loc/product/5
http://yii2.loc/images/products/product1.jpg; http://yii2.loc/product/5
http://yii2.loc/images/products/product3.jpg; http://yii2.loc/product/5
http://yii2.loc/images/products/product3.jpg; http://yii2.loc/product/5
http://yii2.loc/images/products/product4.jpg; http://yii2.loc/product/5
http://yii2.loc/images/products/product5.jpg; http://yii2.loc/product/5
http://yii2.loc/images/products/product6.jpg; http://yii2.loc/product/5
http://yii2.loc/images/products/product3.jpg; http://yii2.loc/product/5
http://yii2.loc/images/home/iframe1.png; http://yii2.loc/product/5
http://yii2.loc/images/home/iframe2.png; http://yii2.loc/product/5
http://yii2.loc/images/home/iframe3.png; http://yii2.loc/product/5
http://yii2.loc/images/home/iframe4.png; http://yii2.loc/product/5
http://yii2.loc/images/home/map.png; http://yii2.loc/product/5
http://yii2.loc/images/home/logo.png; http://yii2.loc/product/6
http://yii2.loc/images/home/shipping.jpg; http://yii2.loc/product/6
http://yii2.loc/yii2images/images/image-by-item-and-alias?item=&dirtyAlias=placeHolder.png; http://yii2.loc/product/6
http://yii2.loc/yii2images/images/image-by-item-and-alias?item=&dirtyAlias=placeHolder_84x85.png; http://yii2.loc/product/6
http://yii2.loc/images/home/new.png; http://yii2.loc/product/6
http://yii2.loc/images/product-details/rating.png; http://yii2.loc/product/6
http://yii2.loc/images/product-details/share.png; http://yii2.loc/product/6
http://yii2.loc/images/products/product1.jpg; http://yii2.loc/product/6
http://yii2.loc/images/products/product3.jpg; http://yii2.loc/product/6
http://yii2.loc/images/products/product3.jpg; http://yii2.loc/product/6
http://yii2.loc/images/products/product4.jpg; http://yii2.loc/product/6
http://yii2.loc/images/products/product5.jpg; http://yii2.loc/product/6
http://yii2.loc/images/products/product6.jpg; http://yii2.loc/product/6
http://yii2.loc/images/products/product3.jpg; http://yii2.loc/product/6
http://yii2.loc/images/home/iframe1.png; http://yii2.loc/product/6
http://yii2.loc/images/home/iframe2.png; http://yii2.loc/product/6
http://yii2.loc/images/home/iframe3.png; http://yii2.loc/product/6
http://yii2.loc/images/home/iframe4.png; http://yii2.loc/product/6
http://yii2.loc/images/home/map.png; http://yii2.loc/product/6
http://yii2.loc/images/home/logo.png; http://yii2.loc/product/7
http://yii2.loc/images/home/shipping.jpg; http://yii2.loc/product/7
http://yii2.loc/yii2images/images/image-by-item-and-alias?item=&dirtyAlias=placeHolder.png; http://yii2.loc/product/7
http://yii2.loc/yii2images/images/image-by-item-and-alias?item=&dirtyAlias=placeHolder_84x85.png; http://yii2.loc/product/7
http://yii2.loc/images/home/sale.png; http://yii2.loc/product/7
http://yii2.loc/images/product-details/rating.png; http://yii2.loc/product/7
http://yii2.loc/images/product-details/share.png; http://yii2.loc/product/7
http://yii2.loc/images/products/product1.jpg; http://yii2.loc/product/7
http://yii2.loc/images/products/product3.jpg; http://yii2.loc/product/7
http://yii2.loc/images/products/product3.jpg; http://yii2.loc/product/7
http://yii2.loc/images/products/product4.jpg; http://yii2.loc/product/7
http://yii2.loc/images/products/product5.jpg; http://yii2.loc/product/7
http://yii2.loc/images/products/product6.jpg; http://yii2.loc/product/7
http://yii2.loc/images/products/product3.jpg; http://yii2.loc/product/7
http://yii2.loc/images/home/iframe1.png; http://yii2.loc/product/7
http://yii2.loc/images/home/iframe2.png; http://yii2.loc/product/7
http://yii2.loc/images/home/iframe3.png; http://yii2.loc/product/7
http://yii2.loc/images/home/iframe4.png; http://yii2.loc/product/7
http://yii2.loc/images/home/map.png; http://yii2.loc/product/7
http://yii2.loc/images/home/logo.png; http://yii2.loc/#recommended-item-carousel
http://yii2.loc/images/home/girl1.jpg; http://yii2.loc/#recommended-item-carousel
http://yii2.loc/images/home/pricing.png; http://yii2.loc/#recommended-item-carousel
http://yii2.loc/images/home/girl2.jpg; http://yii2.loc/#recommended-item-carousel
http://yii2.loc/images/home/pricing.png; http://yii2.loc/#recommended-item-carousel
http://yii2.loc/images/home/girl3.jpg; http://yii2.loc/#recommended-item-carousel
http://yii2.loc/images/home/pricing.png; http://yii2.loc/#recommended-item-carousel
http://yii2.loc/images/home/shipping.jpg; http://yii2.loc/#recommended-item-carousel
http://yii2.loc/images/products/product1.jpg; http://yii2.loc/#recommended-item-carousel
http://yii2.loc/images/home/sale.png; http://yii2.loc/#recommended-item-carousel
http://yii2.loc/images/products/product3.jpg; http://yii2.loc/#recommended-item-carousel
http://yii2.loc/images/home/new.png; http://yii2.loc/#recommended-item-carousel
http://yii2.loc/images/products/product3.jpg; http://yii2.loc/#recommended-item-carousel
http://yii2.loc/images/home/sale.png; http://yii2.loc/#recommended-item-carousel
http://yii2.loc/images/products/product4.jpg; http://yii2.loc/#recommended-item-carousel
http://yii2.loc/images/home/new.png; http://yii2.loc/#recommended-item-carousel
http://yii2.loc/images/products/product5.jpg; http://yii2.loc/#recommended-item-carousel
http://yii2.loc/images/home/sale.png; http://yii2.loc/#recommended-item-carousel
http://yii2.loc/images/products/product6.jpg; http://yii2.loc/#recommended-item-carousel
http://yii2.loc/images/home/new.png; http://yii2.loc/#recommended-item-carousel
http://yii2.loc/images/home/gallery1.jpg; http://yii2.loc/#recommended-item-carousel
http://yii2.loc/images/home/gallery2.jpg; http://yii2.loc/#recommended-item-carousel
http://yii2.loc/images/home/gallery3.jpg; http://yii2.loc/#recommended-item-carousel
http://yii2.loc/images/home/gallery4.jpg; http://yii2.loc/#recommended-item-carousel
http://yii2.loc/images/home/gallery4.jpg; http://yii2.loc/#recommended-item-carousel
http://yii2.loc/images/home/gallery3.jpg; http://yii2.loc/#recommended-item-carousel
http://yii2.loc/images/home/gallery2.jpg; http://yii2.loc/#recommended-item-carousel
http://yii2.loc/images/home/gallery1.jpg; http://yii2.loc/#recommended-item-carousel
http://yii2.loc/images/home/gallery3.jpg; http://yii2.loc/#recommended-item-carousel
http://yii2.loc/images/home/gallery4.jpg; http://yii2.loc/#recommended-item-carousel
http://yii2.loc/images/home/gallery1.jpg; http://yii2.loc/#recommended-item-carousel
http://yii2.loc/images/home/gallery2.jpg; http://yii2.loc/#recommended-item-carousel
http://yii2.loc/images/home/gallery1.jpg; http://yii2.loc/#recommended-item-carousel
http://yii2.loc/images/home/gallery2.jpg; http://yii2.loc/#recommended-item-carousel
http://yii2.loc/images/home/gallery3.jpg; http://yii2.loc/#recommended-item-carousel
http://yii2.loc/images/home/gallery4.jpg; http://yii2.loc/#recommended-item-carousel
http://yii2.loc/images/home/gallery2.jpg; http://yii2.loc/#recommended-item-carousel
http://yii2.loc/images/home/gallery4.jpg; http://yii2.loc/#recommended-item-carousel
http://yii2.loc/images/home/gallery3.jpg; http://yii2.loc/#recommended-item-carousel
http://yii2.loc/images/home/gallery1.jpg; http://yii2.loc/#recommended-item-carousel
http://yii2.loc/images/home/recommend1.jpg; http://yii2.loc/#recommended-item-carousel
http://yii2.loc/images/home/recommend2.jpg; http://yii2.loc/#recommended-item-carousel
http://yii2.loc/images/home/recommend3.jpg; http://yii2.loc/#recommended-item-carousel
http://yii2.loc/images/home/recommend1.jpg; http://yii2.loc/#recommended-item-carousel
http://yii2.loc/images/home/recommend2.jpg; http://yii2.loc/#recommended-item-carousel
http://yii2.loc/images/home/recommend3.jpg; http://yii2.loc/#recommended-item-carousel
http://yii2.loc/images/home/iframe1.png; http://yii2.loc/#recommended-item-carousel
http://yii2.loc/images/home/iframe2.png; http://yii2.loc/#recommended-item-carousel
http://yii2.loc/images/home/iframe3.png; http://yii2.loc/#recommended-item-carousel
http://yii2.loc/images/home/iframe4.png; http://yii2.loc/#recommended-item-carousel
http://yii2.loc/images/home/map.png; http://yii2.loc/#recommended-item-carousel
http://yii2.loc/images/home/logo.png; http://yii2.loc/#tshirt
http://yii2.loc/images/home/girl1.jpg; http://yii2.loc/#tshirt
http://yii2.loc/images/home/pricing.png; http://yii2.loc/#tshirt
http://yii2.loc/images/home/girl2.jpg; http://yii2.loc/#tshirt
http://yii2.loc/images/home/pricing.png; http://yii2.loc/#tshirt
http://yii2.loc/images/home/girl3.jpg; http://yii2.loc/#tshirt
http://yii2.loc/images/home/pricing.png; http://yii2.loc/#tshirt
http://yii2.loc/images/home/shipping.jpg; http://yii2.loc/#tshirt
http://yii2.loc/images/products/product1.jpg; http://yii2.loc/#tshirt
http://yii2.loc/images/home/sale.png; http://yii2.loc/#tshirt
http://yii2.loc/images/products/product3.jpg; http://yii2.loc/#tshirt
http://yii2.loc/images/home/new.png; http://yii2.loc/#tshirt
http://yii2.loc/images/products/product3.jpg; http://yii2.loc/#tshirt
http://yii2.loc/images/home/sale.png; http://yii2.loc/#tshirt
http://yii2.loc/images/products/product4.jpg; http://yii2.loc/#tshirt
http://yii2.loc/images/home/new.png; http://yii2.loc/#tshirt
http://yii2.loc/images/products/product5.jpg; http://yii2.loc/#tshirt
http://yii2.loc/images/home/sale.png; http://yii2.loc/#tshirt
http://yii2.loc/images/products/product6.jpg; http://yii2.loc/#tshirt
http://yii2.loc/images/home/new.png; http://yii2.loc/#tshirt
http://yii2.loc/images/home/gallery1.jpg; http://yii2.loc/#tshirt
http://yii2.loc/images/home/gallery2.jpg; http://yii2.loc/#tshirt
http://yii2.loc/images/home/gallery3.jpg; http://yii2.loc/#tshirt
http://yii2.loc/images/home/gallery4.jpg; http://yii2.loc/#tshirt
http://yii2.loc/images/home/gallery4.jpg; http://yii2.loc/#tshirt
http://yii2.loc/images/home/gallery3.jpg; http://yii2.loc/#tshirt
http://yii2.loc/images/home/gallery2.jpg; http://yii2.loc/#tshirt
http://yii2.loc/images/home/gallery1.jpg; http://yii2.loc/#tshirt
http://yii2.loc/images/home/gallery3.jpg; http://yii2.loc/#tshirt
http://yii2.loc/images/home/gallery4.jpg; http://yii2.loc/#tshirt
http://yii2.loc/images/home/gallery1.jpg; http://yii2.loc/#tshirt
http://yii2.loc/images/home/gallery2.jpg; http://yii2.loc/#tshirt
http://yii2.loc/images/home/gallery1.jpg; http://yii2.loc/#tshirt
http://yii2.loc/images/home/gallery2.jpg; http://yii2.loc/#tshirt
http://yii2.loc/images/home/gallery3.jpg; http://yii2.loc/#tshirt
http://yii2.loc/images/home/gallery4.jpg; http://yii2.loc/#tshirt
http://yii2.loc/images/home/gallery2.jpg; http://yii2.loc/#tshirt
http://yii2.loc/images/home/gallery4.jpg; http://yii2.loc/#tshirt
http://yii2.loc/images/home/gallery3.jpg; http://yii2.loc/#tshirt
http://yii2.loc/images/home/gallery1.jpg; http://yii2.loc/#tshirt
http://yii2.loc/images/home/recommend1.jpg; http://yii2.loc/#tshirt
http://yii2.loc/images/home/recommend2.jpg; http://yii2.loc/#tshirt
http://yii2.loc/images/home/recommend3.jpg; http://yii2.loc/#tshirt
http://yii2.loc/images/home/recommend1.jpg; http://yii2.loc/#tshirt
http://yii2.loc/images/home/recommend2.jpg; http://yii2.loc/#tshirt
http://yii2.loc/images/home/recommend3.jpg; http://yii2.loc/#tshirt
http://yii2.loc/images/home/iframe1.png; http://yii2.loc/#tshirt
http://yii2.loc/images/home/iframe2.png; http://yii2.loc/#tshirt
http://yii2.loc/images/home/iframe3.png; http://yii2.loc/#tshirt
http://yii2.loc/images/home/iframe4.png; http://yii2.loc/#tshirt
http://yii2.loc/images/home/map.png; http://yii2.loc/#tshirt
http://yii2.loc/images/home/logo.png; http://yii2.loc/#blazers
http://yii2.loc/images/home/girl1.jpg; http://yii2.loc/#blazers
http://yii2.loc/images/home/pricing.png; http://yii2.loc/#blazers
http://yii2.loc/images/home/girl2.jpg; http://yii2.loc/#blazers
http://yii2.loc/images/home/pricing.png; http://yii2.loc/#blazers
http://yii2.loc/images/home/girl3.jpg; http://yii2.loc/#blazers
http://yii2.loc/images/home/pricing.png; http://yii2.loc/#blazers
http://yii2.loc/images/home/shipping.jpg; http://yii2.loc/#blazers
http://yii2.loc/images/products/product1.jpg; http://yii2.loc/#blazers
http://yii2.loc/images/home/sale.png; http://yii2.loc/#blazers
http://yii2.loc/images/products/product3.jpg; http://yii2.loc/#blazers
http://yii2.loc/images/home/new.png; http://yii2.loc/#blazers
http://yii2.loc/images/products/product3.jpg; http://yii2.loc/#blazers
http://yii2.loc/images/home/sale.png; http://yii2.loc/#blazers
http://yii2.loc/images/products/product4.jpg; http://yii2.loc/#blazers
http://yii2.loc/images/home/new.png; http://yii2.loc/#blazers
http://yii2.loc/images/products/product5.jpg; http://yii2.loc/#blazers
http://yii2.loc/images/home/sale.png; http://yii2.loc/#blazers
http://yii2.loc/images/products/product6.jpg; http://yii2.loc/#blazers
http://yii2.loc/images/home/new.png; http://yii2.loc/#blazers
http://yii2.loc/images/home/gallery1.jpg; http://yii2.loc/#blazers
http://yii2.loc/images/home/gallery2.jpg; http://yii2.loc/#blazers
http://yii2.loc/images/home/gallery3.jpg; http://yii2.loc/#blazers
http://yii2.loc/images/home/gallery4.jpg; http://yii2.loc/#blazers
http://yii2.loc/images/home/gallery4.jpg; http://yii2.loc/#blazers
http://yii2.loc/images/home/gallery3.jpg; http://yii2.loc/#blazers
http://yii2.loc/images/home/gallery2.jpg; http://yii2.loc/#blazers
http://yii2.loc/images/home/gallery1.jpg; http://yii2.loc/#blazers
http://yii2.loc/images/home/gallery3.jpg; http://yii2.loc/#blazers
http://yii2.loc/images/home/gallery4.jpg; http://yii2.loc/#blazers
http://yii2.loc/images/home/gallery1.jpg; http://yii2.loc/#blazers
http://yii2.loc/images/home/gallery2.jpg; http://yii2.loc/#blazers
http://yii2.loc/images/home/gallery1.jpg; http://yii2.loc/#blazers
http://yii2.loc/images/home/gallery2.jpg; http://yii2.loc/#blazers
http://yii2.loc/images/home/gallery3.jpg; http://yii2.loc/#blazers
http://yii2.loc/images/home/gallery4.jpg; http://yii2.loc/#blazers
http://yii2.loc/images/home/gallery2.jpg; http://yii2.loc/#blazers
http://yii2.loc/images/home/gallery4.jpg; http://yii2.loc/#blazers
http://yii2.loc/images/home/gallery3.jpg; http://yii2.loc/#blazers
http://yii2.loc/images/home/gallery1.jpg; http://yii2.loc/#blazers
http://yii2.loc/images/home/recommend1.jpg; http://yii2.loc/#blazers
http://yii2.loc/images/home/recommend2.jpg; http://yii2.loc/#blazers
http://yii2.loc/images/home/recommend3.jpg; http://yii2.loc/#blazers
http://yii2.loc/images/home/recommend1.jpg; http://yii2.loc/#blazers
http://yii2.loc/images/home/recommend2.jpg; http://yii2.loc/#blazers
http://yii2.loc/images/home/recommend3.jpg; http://yii2.loc/#blazers
http://yii2.loc/images/home/iframe1.png; http://yii2.loc/#blazers
http://yii2.loc/images/home/iframe2.png; http://yii2.loc/#blazers
http://yii2.loc/images/home/iframe3.png; http://yii2.loc/#blazers
http://yii2.loc/images/home/iframe4.png; http://yii2.loc/#blazers
http://yii2.loc/images/home/map.png; http://yii2.loc/#blazers
http://yii2.loc/images/home/logo.png; http://yii2.loc/#sunglass
http://yii2.loc/images/home/girl1.jpg; http://yii2.loc/#sunglass
http://yii2.loc/images/home/pricing.png; http://yii2.loc/#sunglass
http://yii2.loc/images/home/girl2.jpg; http://yii2.loc/#sunglass
http://yii2.loc/images/home/pricing.png; http://yii2.loc/#sunglass
http://yii2.loc/images/home/girl3.jpg; http://yii2.loc/#sunglass
http://yii2.loc/images/home/pricing.png; http://yii2.loc/#sunglass
http://yii2.loc/images/home/shipping.jpg; http://yii2.loc/#sunglass
http://yii2.loc/images/products/product1.jpg; http://yii2.loc/#sunglass
http://yii2.loc/images/home/sale.png; http://yii2.loc/#sunglass
http://yii2.loc/images/products/product3.jpg; http://yii2.loc/#sunglass
http://yii2.loc/images/home/new.png; http://yii2.loc/#sunglass
http://yii2.loc/images/products/product3.jpg; http://yii2.loc/#sunglass
http://yii2.loc/images/home/sale.png; http://yii2.loc/#sunglass
http://yii2.loc/images/products/product4.jpg; http://yii2.loc/#sunglass
http://yii2.loc/images/home/new.png; http://yii2.loc/#sunglass
http://yii2.loc/images/products/product5.jpg; http://yii2.loc/#sunglass
http://yii2.loc/images/home/sale.png; http://yii2.loc/#sunglass
http://yii2.loc/images/products/product6.jpg; http://yii2.loc/#sunglass
http://yii2.loc/images/home/new.png; http://yii2.loc/#sunglass
http://yii2.loc/images/home/gallery1.jpg; http://yii2.loc/#sunglass
http://yii2.loc/images/home/gallery2.jpg; http://yii2.loc/#sunglass
http://yii2.loc/images/home/gallery3.jpg; http://yii2.loc/#sunglass
http://yii2.loc/images/home/gallery4.jpg; http://yii2.loc/#sunglass
http://yii2.loc/images/home/gallery4.jpg; http://yii2.loc/#sunglass
http://yii2.loc/images/home/gallery3.jpg; http://yii2.loc/#sunglass
http://yii2.loc/images/home/gallery2.jpg; http://yii2.loc/#sunglass
http://yii2.loc/images/home/gallery1.jpg; http://yii2.loc/#sunglass
http://yii2.loc/images/home/gallery3.jpg; http://yii2.loc/#sunglass
http://yii2.loc/images/home/gallery4.jpg; http://yii2.loc/#sunglass
http://yii2.loc/images/home/gallery1.jpg; http://yii2.loc/#sunglass
http://yii2.loc/images/home/gallery2.jpg; http://yii2.loc/#sunglass
http://yii2.loc/images/home/gallery1.jpg; http://yii2.loc/#sunglass
http://yii2.loc/images/home/gallery2.jpg; http://yii2.loc/#sunglass
http://yii2.loc/images/home/gallery3.jpg; http://yii2.loc/#sunglass
http://yii2.loc/images/home/gallery4.jpg; http://yii2.loc/#sunglass
http://yii2.loc/images/home/gallery2.jpg; http://yii2.loc/#sunglass
http://yii2.loc/images/home/gallery4.jpg; http://yii2.loc/#sunglass
http://yii2.loc/images/home/gallery3.jpg; http://yii2.loc/#sunglass
http://yii2.loc/images/home/gallery1.jpg; http://yii2.loc/#sunglass
http://yii2.loc/images/home/recommend1.jpg; http://yii2.loc/#sunglass
http://yii2.loc/images/home/recommend2.jpg; http://yii2.loc/#sunglass
http://yii2.loc/images/home/recommend3.jpg; http://yii2.loc/#sunglass
http://yii2.loc/images/home/recommend1.jpg; http://yii2.loc/#sunglass
http://yii2.loc/images/home/recommend2.jpg; http://yii2.loc/#sunglass
http://yii2.loc/images/home/recommend3.jpg; http://yii2.loc/#sunglass
http://yii2.loc/images/home/iframe1.png; http://yii2.loc/#sunglass
http://yii2.loc/images/home/iframe2.png; http://yii2.loc/#sunglass
http://yii2.loc/images/home/iframe3.png; http://yii2.loc/#sunglass
http://yii2.loc/images/home/iframe4.png; http://yii2.loc/#sunglass
http://yii2.loc/images/home/map.png; http://yii2.loc/#sunglass
http://yii2.loc/images/home/logo.png; http://yii2.loc/#poloshirt
http://yii2.loc/images/home/girl1.jpg; http://yii2.loc/#poloshirt
http://yii2.loc/images/home/pricing.png; http://yii2.loc/#poloshirt
http://yii2.loc/images/home/girl2.jpg; http://yii2.loc/#poloshirt
http://yii2.loc/images/home/pricing.png; http://yii2.loc/#poloshirt
http://yii2.loc/images/home/girl3.jpg; http://yii2.loc/#poloshirt
http://yii2.loc/images/home/pricing.png; http://yii2.loc/#poloshirt
http://yii2.loc/images/home/shipping.jpg; http://yii2.loc/#poloshirt
http://yii2.loc/images/products/product1.jpg; http://yii2.loc/#poloshirt
http://yii2.loc/images/home/sale.png; http://yii2.loc/#poloshirt
http://yii2.loc/images/products/product3.jpg; http://yii2.loc/#poloshirt
http://yii2.loc/images/home/new.png; http://yii2.loc/#poloshirt
http://yii2.loc/images/products/product3.jpg; http://yii2.loc/#poloshirt
http://yii2.loc/images/home/sale.png; http://yii2.loc/#poloshirt
http://yii2.loc/images/products/product4.jpg; http://yii2.loc/#poloshirt
http://yii2.loc/images/home/new.png; http://yii2.loc/#poloshirt
http://yii2.loc/images/products/product5.jpg; http://yii2.loc/#poloshirt
http://yii2.loc/images/home/sale.png; http://yii2.loc/#poloshirt
http://yii2.loc/images/products/product6.jpg; http://yii2.loc/#poloshirt
http://yii2.loc/images/home/new.png; http://yii2.loc/#poloshirt
http://yii2.loc/images/home/gallery1.jpg; http://yii2.loc/#poloshirt
http://yii2.loc/images/home/gallery2.jpg; http://yii2.loc/#poloshirt
http://yii2.loc/images/home/gallery3.jpg; http://yii2.loc/#poloshirt
http://yii2.loc/images/home/gallery4.jpg; http://yii2.loc/#poloshirt
http://yii2.loc/images/home/gallery4.jpg; http://yii2.loc/#poloshirt
http://yii2.loc/images/home/gallery3.jpg; http://yii2.loc/#poloshirt
http://yii2.loc/images/home/gallery2.jpg; http://yii2.loc/#poloshirt
http://yii2.loc/images/home/gallery1.jpg; http://yii2.loc/#poloshirt
http://yii2.loc/images/home/gallery3.jpg; http://yii2.loc/#poloshirt
http://yii2.loc/images/home/gallery4.jpg; http://yii2.loc/#poloshirt
http://yii2.loc/images/home/gallery1.jpg; http://yii2.loc/#poloshirt
http://yii2.loc/images/home/gallery2.jpg; http://yii2.loc/#poloshirt
http://yii2.loc/images/home/gallery1.jpg; http://yii2.loc/#poloshirt
http://yii2.loc/images/home/gallery2.jpg; http://yii2.loc/#poloshirt
http://yii2.loc/images/home/gallery3.jpg; http://yii2.loc/#poloshirt
http://yii2.loc/images/home/gallery4.jpg; http://yii2.loc/#poloshirt
http://yii2.loc/images/home/gallery2.jpg; http://yii2.loc/#poloshirt
http://yii2.loc/images/home/gallery4.jpg; http://yii2.loc/#poloshirt
http://yii2.loc/images/home/gallery3.jpg; http://yii2.loc/#poloshirt
http://yii2.loc/images/home/gallery1.jpg; http://yii2.loc/#poloshirt
http://yii2.loc/images/home/recommend1.jpg; http://yii2.loc/#poloshirt
http://yii2.loc/images/home/recommend2.jpg; http://yii2.loc/#poloshirt
http://yii2.loc/images/home/recommend3.jpg; http://yii2.loc/#poloshirt
http://yii2.loc/images/home/recommend1.jpg; http://yii2.loc/#poloshirt
http://yii2.loc/images/home/recommend2.jpg; http://yii2.loc/#poloshirt
http://yii2.loc/images/home/recommend3.jpg; http://yii2.loc/#poloshirt
http://yii2.loc/images/home/iframe1.png; http://yii2.loc/#poloshirt
http://yii2.loc/images/home/iframe2.png; http://yii2.loc/#poloshirt
http://yii2.loc/images/home/iframe3.png; http://yii2.loc/#poloshirt
http://yii2.loc/images/home/iframe4.png; http://yii2.loc/#poloshirt
http://yii2.loc/images/home/map.png; http://yii2.loc/#poloshirt
http://yii2.loc/images/home/logo.png; http://yii2.loc/product/8
http://yii2.loc/images/home/shipping.jpg; http://yii2.loc/product/8
http://yii2.loc/yii2images/images/image-by-item-and-alias?item=&dirtyAlias=placeHolder.png; http://yii2.loc/product/8
http://yii2.loc/yii2images/images/image-by-item-and-alias?item=&dirtyAlias=placeHolder_84x85.png; http://yii2.loc/product/8
http://yii2.loc/images/home/new.png; http://yii2.loc/product/8
http://yii2.loc/images/product-details/rating.png; http://yii2.loc/product/8
http://yii2.loc/images/product-details/share.png; http://yii2.loc/product/8
http://yii2.loc/images/products/product1.jpg; http://yii2.loc/product/8
http://yii2.loc/images/products/product3.jpg; http://yii2.loc/product/8
http://yii2.loc/images/products/product3.jpg; http://yii2.loc/product/8
http://yii2.loc/images/products/product4.jpg; http://yii2.loc/product/8
http://yii2.loc/images/products/product5.jpg; http://yii2.loc/product/8
http://yii2.loc/images/products/product6.jpg; http://yii2.loc/product/8
http://yii2.loc/images/products/product3.jpg; http://yii2.loc/product/8
http://yii2.loc/images/home/iframe1.png; http://yii2.loc/product/8
http://yii2.loc/images/home/iframe2.png; http://yii2.loc/product/8
http://yii2.loc/images/home/iframe3.png; http://yii2.loc/product/8
http://yii2.loc/images/home/iframe4.png; http://yii2.loc/product/8
http://yii2.loc/images/home/map.png; http://yii2.loc/product/8
http://yii2.loc/images/home/logo.png; http://yii2.loc/category/1/page/2
http://yii2.loc/images/shop/advertisement.jpg; http://yii2.loc/category/1/page/2
http://yii2.loc/images/home/shipping.jpg; http://yii2.loc/category/1/page/2
http://yii2.loc/images/products/product4.jpg; http://yii2.loc/category/1/page/2
http://yii2.loc/images/home/new.png; http://yii2.loc/category/1/page/2
http://yii2.loc/images/products/product3.jpg; http://yii2.loc/category/1/page/2
http://yii2.loc/images/home/sale.png; http://yii2.loc/category/1/page/2
http://yii2.loc/images/home/iframe1.png; http://yii2.loc/category/1/page/2
http://yii2.loc/images/home/iframe2.png; http://yii2.loc/category/1/page/2
http://yii2.loc/images/home/iframe3.png; http://yii2.loc/category/1/page/2
http://yii2.loc/images/home/iframe4.png; http://yii2.loc/category/1/page/2
http://yii2.loc/images/home/map.png; http://yii2.loc/category/1/page/2
"
